,First,Last,Year,Tm,Pos,Age,FantasyPoints,Player
7,Antonio,Gates,2005,SDG,TE,25.0,259.1,Antonio Gates
18,Jeremy,Shockey,2005,NYG,TE,25.0,196.1,Jeremy Shockey
22,Todd,Heap,2005,BAL,TE,25.0,200.5,Todd Heap
25,Alge,Crumpler,2005,ATL,TE,28.0,180.7,Alge Crumpler
30,Jason,Witten,2005,DAL,TE,23.0,177.7,Jason Witten
36,Tony,Gonzalez,2005,KAN,TE,29.0,180.5,Tony Gonzalez
53,Randy,McMichael,2005,MIA,TE,26.0,146.2,Randy McMichael
54,L.J.,Smith,2005,PHI,TE,25.0,145.2,L.J. Smith
58,Jerramy,Stevens,2005,SEA,TE,26.0,130.4,Jerramy Stevens
61,Heath,Miller,2005,PIT,TE,23.0,120.9,Heath Miller
71,Ben,Troupe,2005,TEN,TE,23.0,132.0,Ben Troupe
151,Dallas,Clark,2005,IND,TE,26.0,109.8,Dallas Clark
158,Marcus,Pollard,2005,DET,TE,33.0,113.6,Marcus Pollard
162,Ben,Watson,2005,NWE,TE,25.0,95.1,Ben Watson
166,Erron,Kinney,2005,TEN,TE,28.0,121.3,Erron Kinney
177,Jermaine,Wiggins,2005,MIN,TE,30.0,131.8,Jermaine Wiggins
185,Steve,Heiden,2005,CLE,TE,29.0,101.1,Steve Heiden
209,Alex,Smith,2005,TAM,TE,23.0,89.7,Alex Smith
210,Courtney,Anderson,2005,OAK,TE,25.0,72.3,Courtney Anderson
214,Zachary,Hilton,2005,NOR,TE,25.0,80.6,Zachary Hilton
222,Daniel,Graham,2005,NWE,TE,27.0,57.5,Daniel Graham
224,David,Martin,2005,GNB,TE,26.0,67.4,David Martin
229,Donald,Lee,2005,GNB,TE,25.0,74.4,Donald Lee
235,Bo,Scaife,2005,TEN,TE,24.0,76.3,Bo Scaife
238,Bryan,Fletcher,2005,IND,TE,26.0,56.2,Bryan Fletcher
239,Doug,Jolley,2005,NYJ,TE,26.0,65.4,Doug Jolley
244,Desmond,Clark,2005,CHI,TE,28.0,58.9,Desmond Clark
251,Chris,Baker,2005,NYJ,TE,26.0,50.9,Chris Baker
252,Adam,Bergen,2005,ARI,TE,22.0,61.0,Adam Bergen
257,Kris,Mangum,2005,CAR,TE,32.0,53.2,Kris Mangum
266,Michael,Gaines,2005,CAR,TE,25.0,39.5,Michael Gaines
270,Bubba,Franks,2005,GNB,TE,27.0,51.7,Bubba Franks
272,Matt,Schobel,2005,CIN,TE,27.0,41.3,Matt Schobel
290,George,Wrighster,2005,JAX,TE,24.0,37.0,George Wrighster
291,Stephen,Alexander,2005,DEN,TE,30.0,44.0,Stephen Alexander
294,Ernie,Conwell,2005,NOR,TE,33.0,33.5,Ernie Conwell
298,Kyle,Brady,2005,JAX,TE,33.0,35.7,Kyle Brady
303,Aaron,Shea,2005,CLE,TE,29.0,39.3,Aaron Shea
304,Daniel,Wilcox,2005,BAL,TE,28.0,41.4,Daniel Wilcox
313,Robert,Royal,2005,WAS,TE,26.0,37.1,Robert Royal
315,Christian,Fauria,2005,NWE,TE,34.0,25.7,Christian Fauria
316,Ben,Utecht,2005,IND,TE,24.0,20.9,Ben Utecht
318,Jim,Kleinsasser,2005,MIN,TE,28.0,39.1,Jim Kleinsasser
320,Marcellus,Rivers,2005,HOU,TE,27.0,40.8,Marcellus Rivers
330,Ryan,Hannam,2005,SEA,TE,25.0,27.9,Ryan Hannam
331,Reggie,Kelly,2005,CIN,TE,28.0,30.0,Reggie Kelly
337,Mark,Campbell,2005,BUF,TE,30.0,32.9,Mark Campbell
342,Mike,Bartrum,2005,PHI,TE,35.0,14.6,Mike Bartrum
351,Dwayne,Carswell,2005,DEN,TE,33.0,14.3,Dwayne Carswell
355,Anthony,Becht,2005,TAM,TE,28.0,27.2,Anthony Becht
356,Casey,Fitzsimmons,2005,DET,TE,25.0,20.5,Casey Fitzsimmons
369,Justin,Peelle,2005,SDG,TE,26.0,20.8,Justin Peelle
373,Dwayne,Blakley,2005,ATL,TE,26.0,13.0,Dwayne Blakley
379,Visanthe,Shiancoe,2005,NYG,TE,25.0,17.1,Visanthe Shiancoe
385,Dan,Campbell,2005,DAL,TE,29.0,11.4,Dan Campbell
386,Cam,Cleeland,2005,STL,TE,30.0,12.7,Cam Cleeland
387,Wesley,Duke,2005,DEN,TE,24.0,10.2,Wesley Duke
390,Terry,Jones,2005,2TM,TE,26.0,16.6,Terry Jones
393,B.J.,Askew,2005,NYJ,TE,25.0,8.0,B.J. Askew
400,Jason,Peters,2005,BUF,TE,23.0,8.5,Jason Peters
405,Tom,Ashworth,2005,NWE,TE,28.0,7.1,Tom Ashworth
408,Darnell,Dinkins,2005,BAL,TE,28.0,11.5,Darnell Dinkins
409,John,Gilmore,2005,CHI,TE,26.0,7.1,John Gilmore
411,Will,Heller,2005,MIA,TE,24.0,7.1,Will Heller
414,Chad,Lewis,2005,PHI,TE,34.0,11.4,Chad Lewis
420,Jerame,Tuman,2005,PIT,TE,29.0,8.7,Jerame Tuman
423,Lorenzo,Diamond,2005,MIA,TE,26.0,13.4,Lorenzo Diamond
424,Jason,Dunn,2005,KAN,TE,32.0,10.3,Jason Dunn
425,Brian,Jones,2005,JAX,TE,24.0,7.9,Brian Jones
429,Joel,Dreessen,2005,NYJ,TE,23.0,9.1,Joel Dreessen
431,J.P.,Foschi,2005,OAK,TE,23.0,9.7,J.P. Foschi
432,Lamont,Hall,2005,NOR,TE,31.0,9.6,Lamont Hall
439,Stephen,Spach,2005,PHI,TE,23.0,11.2,Stephen Spach
441,Kris,Wilson,2005,KAN,TE,24.0,6.9,Kris Wilson
445,Teyo,Johnson,2005,ARI,TE,24.0,5.9,Teyo Johnson
446,Brian,Kozlowski,2005,WAS,TE,35.0,4.6,Brian Kozlowski
447,Matt,Murphy,2005,HOU,TE,25.0,4.6,Matt Murphy
452,Jeff,Robinson,2005,STL,TE,35.0,3.8,Jeff Robinson
453,Tony,Stewart,2005,CIN,TE,26.0,6.6,Tony Stewart
455,Mark,Bruener,2005,HOU,TE,33.0,4.2,Mark Bruener
456,Steve,Bush,2005,SFO,TE,31.0,5.1,Steve Bush
459,Tim,Euhus,2005,BUF,TE,25.0,4.7,Tim Euhus
462,Paul,Irons,2005,CLE,TE,22.0,3.6,Paul Irons
469,Brett,Pierce,2005,DAL,TE,24.0,3.5,Brett Pierce
470,Gabe,Reid,2005,CHI,TE,28.0,5.0,Gabe Reid
475,Roland,Williams,2005,STL,TE,30.0,5.1,Roland Williams
479,Richard,Angulo,2005,MIN,TE,25.0,2.1,Richard Angulo
487,Gregg,Guenther,2005,TEN,TE,23.0,3.3,Gregg Guenther
488,Ben,Hartsock,2005,IND,TE,25.0,2.8,Ben Hartsock
489,Robert,Johnson,2005,WAS,TE,25.0,2.4,Robert Johnson
492,Matt,Kranchick,2005,2TM,TE,26.0,1.6,Matt Kranchick
495,Dave,Moore,2005,TAM,TE,36.0,1.5,Dave Moore
497,Ryan,Neufeld,2005,BUF,TE,30.0,1.9,Ryan Neufeld
502,Trent,Smith,2005,SFO,TE,26.0,3.7,Trent Smith
511,Sean,Berton,2005,NYG,TE,26.0,1.3,Sean Berton
540,Alex,Holmes,2005,MIA,TE,24.0,1.2,Alex Holmes
15,Antonio,Gates,2006,SDG,TE,26.0,217.4,Antonio Gates
27,Alge,Crumpler,2006,ATL,TE,29.0,182.0,Alge Crumpler
30,Tony,Gonzalez,2006,KAN,TE,30.0,193.0,Tony Gonzalez
35,Todd,Heap,2006,BAL,TE,26.0,185.5,Todd Heap
38,Chris,Cooley,2006,WAS,TE,24.0,166.4,Chris Cooley
46,Kellen,Winslow,2006,CLE,TE,23.0,194.5,Kellen Winslow
47,Jeremy,Shockey,2006,NYG,TE,26.0,170.3,Jeremy Shockey
55,Desmond,Clark,2006,CHI,TE,29.0,143.6,Desmond Clark
65,L.J.,Smith,2006,PHI,TE,26.0,141.1,L.J. Smith
72,Ben,Watson,2006,NWE,TE,26.0,127.3,Ben Watson
73,Randy,McMichael,2006,MIA,TE,27.0,144.0,Randy McMichael
76,Jason,Witten,2006,DAL,TE,24.0,145.4,Jason Witten
159,Heath,Miller,2006,PIT,TE,24.0,103.3,Heath Miller
170,Owen,Daniels,2006,HOU,TE,24.0,99.2,Owen Daniels
180,Dallas,Clark,2006,IND,TE,27.0,90.7,Dallas Clark
188,Bo,Scaife,2006,TEN,TE,25.0,83.3,Bo Scaife
190,Dan,Campbell,2006,DET,TE,30.0,75.8,Dan Campbell
191,Chris,Baker,2006,NYJ,TE,27.0,85.0,Chris Baker
197,Tony,Scheffler,2006,DEN,TE,23.0,70.89999999999998,Tony Scheffler
198,George,Wrighster,2006,JAX,TE,25.0,92.3,George Wrighster
203,Jerramy,Stevens,2006,SEA,TE,27.0,67.1,Jerramy Stevens
211,Vernon,Davis,2006,SFO,TE,22.0,63.0,Vernon Davis
213,Jermaine,Wiggins,2006,MIN,TE,31.0,90.6,Jermaine Wiggins
217,Alex,Smith,2006,TAM,TE,24.0,76.0,Alex Smith
221,Courtney,Anderson,2006,OAK,TE,26.0,65.5,Courtney Anderson
223,Eric,Johnson,2006,SFO,TE,30.0,75.2,Eric Johnson
227,Robert,Royal,2006,BUF,TE,27.0,63.4,Robert Royal
231,Ben,Utecht,2006,IND,TE,25.0,72.7,Ben Utecht
233,Steve,Heiden,2006,CLE,TE,30.0,72.9,Steve Heiden
237,Daniel,Graham,2006,NWE,TE,28.0,54.5,Daniel Graham
242,Daniel,Wilcox,2006,BAL,TE,29.0,50.6,Daniel Wilcox
248,Matt,Schobel,2006,PHI,TE,28.0,47.4,Matt Schobel
250,Kris,Wilson,2006,KAN,TE,25.0,46.2,Kris Wilson
251,Bryan,Fletcher,2006,IND,TE,27.0,50.2,Bryan Fletcher
252,David,Martin,2006,GNB,TE,27.0,52.8,David Martin
256,Reggie,Kelly,2006,CIN,TE,29.0,52.4,Reggie Kelly
261,Joe,Klopfenstein,2006,STL,TE,23.0,48.6,Joe Klopfenstein
263,Randal,Williams,2006,OAK,TE,28.0,53.3,Randal Williams
264,Stephen,Alexander,2006,DEN,TE,31.0,46.0,Stephen Alexander
271,Brandon,Manumaleuna,2006,SDG,TE,26.0,41.2,Brandon Manumaleuna
272,Ben,Troupe,2006,TEN,TE,24.0,40.0,Ben Troupe
279,Bubba,Franks,2006,GNB,TE,28.0,46.2,Bubba Franks
281,Kris,Mangum,2006,CAR,TE,33.0,44.0,Kris Mangum
286,David,Thomas,2006,NWE,TE,23.0,32.9,David Thomas
297,Marcedes,Lewis,2006,JAX,TE,22.0,31.6,Marcedes Lewis
299,Anthony,Becht,2006,TAM,TE,29.0,35.5,Anthony Becht
300,Mark,Bruener,2006,HOU,TE,34.0,27.2,Mark Bruener
304,Tony,Stewart,2006,CIN,TE,27.0,32.0,Tony Stewart
306,Adam,Bergen,2006,ARI,TE,23.0,28.1,Adam Bergen
313,Mark,Campbell,2006,NOR,TE,31.0,34.4,Mark Campbell
320,Leonard,Pope,2006,ARI,TE,23.0,32.1,Leonard Pope
324,Michael,Gaines,2006,CAR,TE,26.0,29.6,Michael Gaines
327,Donald,Lee,2006,GNB,TE,26.0,25.0,Donald Lee
328,Billy,Miller,2006,NOR,TE,29.0,24.9,Billy Miller
338,Jeb,Putzier,2006,HOU,TE,27.0,25.5,Jeb Putzier
340,Jerame,Tuman,2006,PIT,TE,30.0,20.3,Jerame Tuman
342,Ernie,Conwell,2006,NOR,TE,34.0,19.7,Ernie Conwell
349,Richard,Owens,2006,MIN,TE,26.0,16.5,Richard Owens
352,Dominique,Byrd,2006,STL,TE,22.0,11.9,Dominique Byrd
354,Jeff,Dugan,2006,MIN,TE,25.0,18.0,Jeff Dugan
360,Will,Heller,2006,SEA,TE,25.0,13.2,Will Heller
365,Dwayne,Blakley,2006,ATL,TE,27.0,13.6,Dwayne Blakley
369,Visanthe,Shiancoe,2006,NYG,TE,26.0,18.1,Visanthe Shiancoe
371,Darnell,Dinkins,2006,CLE,TE,29.0,7.4,Darnell Dinkins
375,Ben,Hartsock,2006,TEN,TE,26.0,12.8,Ben Hartsock
379,Itula,Mili,2006,SEA,TE,33.0,16.9,Itula Mili
382,Aaron,Walker,2006,STL,TE,26.0,11.8,Aaron Walker
390,Jeff,King,2006,CAR,TE,23.0,7.1,Jeff King
393,Ryan,Neufeld,2006,BUF,TE,31.0,7.4,Ryan Neufeld
397,Todd,Yoder,2006,WAS,TE,28.0,7.4,Todd Yoder
400,Nate,Jackson,2006,DEN,TE,27.0,9.9,Nate Jackson
401,Jim,Kleinsasser,2006,MIN,TE,29.0,11.7,Jim Kleinsasser
405,Kyle,Brady,2006,JAX,TE,34.0,8.7,Kyle Brady
408,Jason,Dunn,2006,KAN,TE,33.0,8.0,Jason Dunn
411,John,Owens,2006,NOR,TE,26.0,8.4,John Owens
439,Delanie,Walker,2006,SFO,TE,22.0,5.0,Delanie Walker
446,Christian,Fauria,2006,WAS,TE,35.0,3.7,Christian Fauria
452,Nate,Lawrie,2006,NOR,TE,25.0,2.7,Nate Lawrie
455,Chad,Mustard,2006,DEN,TE,29.0,4.3,Chad Mustard
457,Quinn,Sypniewski,2006,BAL,TE,24.0,3.5,Quinn Sypniewski
462,James,Adkisson,2006,OAK,TE,26.0,1.9,James Adkisson
468,Casey,Cramer,2006,TEN,TE,24.0,2.8,Casey Cramer
474,Doug,Jolley,2006,TAM,TE,27.0,1.7,Doug Jolley
480,Dave,Moore,2006,TAM,TE,37.0,-0.1,Dave Moore
487,Cooper,Wallace,2006,TEN,TE,24.0,1.6,Cooper Wallace
495,Eric,Beverly,2006,ATL,TE,32.0,1.0,Eric Beverly
535,Brian,Kozlowski,2006,WAS,TE,36.0,1.1,Brian Kozlowski
13,Jason,Witten,2007,DAL,TE,25.0,250.5,Jason Witten
15,Antonio,Gates,2007,SDG,TE,27.0,227.4,Antonio Gates
16,Tony,Gonzalez,2007,KAN,TE,31.0,246.2,Tony Gonzalez
19,Kellen,Winslow,2007,CLE,TE,24.0,220.6,Kellen Winslow
26,Dallas,Clark,2007,IND,TE,28.0,188.5,Dallas Clark
28,Chris,Cooley,2007,WAS,TE,25.0,192.6,Chris Cooley
53,Heath,Miller,2007,PIT,TE,25.0,145.6,Heath Miller
57,Owen,Daniels,2007,HOU,TE,25.0,151.8,Owen Daniels
59,Donald,Lee,2007,GNB,TE,27.0,139.5,Donald Lee
67,Tony,Scheffler,2007,DEN,TE,24.0,131.9,Tony Scheffler
69,Jeremy,Shockey,2007,NYG,TE,27.0,137.5,Jeremy Shockey
75,Desmond,Clark,2007,CHI,TE,30.0,122.5,Desmond Clark
156,Ben,Watson,2007,NWE,TE,27.0,112.0,Ben Watson
157,Vernon,Davis,2007,SFO,TE,23.0,124.9,Vernon Davis
164,Alge,Crumpler,2007,ATL,TE,30.0,116.4,Alge Crumpler
179,Zach,Miller,2007,OAK,TE,22.0,104.4,Zach Miller
182,Randy,McMichael,2007,STL,TE,28.0,99.9,Randy McMichael
184,Chris,Baker,2007,NYJ,TE,28.0,97.9,Chris Baker
189,Alex,Smith,2007,TAM,TE,25.0,88.5,Alex Smith
196,Leonard,Pope,2007,ARI,TE,24.0,74.8,Leonard Pope
200,Jeff,King,2007,CAR,TE,24.0,96.6,Jeff King
201,Greg,Olsen,2007,CHI,TE,22.0,90.1,Greg Olsen
207,Marcedes,Lewis,2007,JAX,TE,23.0,88.1,Marcedes Lewis
209,Eric,Johnson,2007,NOR,TE,31.0,97.8,Eric Johnson
220,Bo,Scaife,2007,TEN,TE,26.0,92.1,Bo Scaife
230,Billy,Miller,2007,NOR,TE,30.0,71.8,Billy Miller
235,Jerramy,Stevens,2007,TAM,TE,28.0,60.9,Jerramy Stevens
237,David,Martin,2007,MIA,TE,28.0,76.3,David Martin
239,Ben,Utecht,2007,IND,TE,26.0,73.4,Ben Utecht
243,Marcus,Pollard,2007,SEA,TE,35.0,67.3,Marcus Pollard
249,Visanthe,Shiancoe,2007,MIN,TE,27.0,63.3,Visanthe Shiancoe
251,Daniel,Graham,2007,DEN,TE,29.0,60.6,Daniel Graham
258,Michael,Gaines,2007,BUF,TE,27.0,58.5,Michael Gaines
269,Bubba,Franks,2007,GNB,TE,29.0,49.2,Bubba Franks
273,Quinn,Sypniewski,2007,BAL,TE,25.0,62.6,Quinn Sypniewski
275,Todd,Heap,2007,BAL,TE,27.0,52.9,Todd Heap
278,L.J.,Smith,2007,PHI,TE,27.0,49.6,L.J. Smith
289,Will,Heller,2007,SEA,TE,26.0,39.2,Will Heller
293,Sean,McHugh,2007,DET,TE,25.0,42.2,Sean McHugh
295,Kris,Wilson,2007,KAN,TE,26.0,46.7,Kris Wilson
296,Kevin,Boss,2007,NYG,TE,23.0,32.8,Kevin Boss
297,Brent,Celek,2007,PHI,TE,22.0,39.8,Brent Celek
303,Dante,Rosario,2007,CAR,TE,23.0,28.8,Dante Rosario
305,Delanie,Walker,2007,SFO,TE,23.0,44.4,Delanie Walker
312,Reggie,Kelly,2007,CIN,TE,30.0,41.1,Reggie Kelly
313,Matt,Spaeth,2007,PIT,TE,24.0,26.4,Matt Spaeth
316,Tony,Curtis,2007,DAL,TE,24.0,22.8,Tony Curtis
318,Anthony,Fasano,2007,DAL,TE,23.0,34.3,Anthony Fasano
321,Kyle,Brady,2007,NWE,TE,35.0,28.0,Kyle Brady
323,Ben,Patrick,2007,ARI,TE,23.0,26.3,Ben Patrick
327,Joel,Dreessen,2007,HOU,TE,25.0,21.5,Joel Dreessen
329,George,Wrighster,2007,JAX,TE,26.0,35.3,George Wrighster
334,Matt,Schobel,2007,PHI,TE,29.0,27.8,Matt Schobel
335,Christian,Fauria,2007,CAR,TE,36.0,20.9,Christian Fauria
336,Bryan,Fletcher,2007,IND,TE,28.0,32.3,Bryan Fletcher
342,Todd,Yoder,2007,WAS,TE,29.0,22.7,Todd Yoder
343,Casey,Fitzsimmons,2007,DET,TE,27.0,22.5,Casey Fitzsimmons
349,Richard,Angulo,2007,JAX,TE,27.0,22.1,Richard Angulo
350,Anthony,Becht,2007,TAM,TE,30.0,19.0,Anthony Becht
353,Greg,Estandia,2007,JAX,TE,25.0,22.6,Greg Estandia
354,Ben,Hartsock,2007,TEN,TE,27.0,25.8,Ben Hartsock
366,Daniel,Coats,2007,CIN,TE,23.0,24.2,Daniel Coats
387,Steve,Heiden,2007,CLE,TE,31.0,22.4,Steve Heiden
389,Jim,Kleinsasser,2007,MIN,TE,30.0,14.3,Jim Kleinsasser
393,Jeb,Putzier,2007,HOU,TE,28.0,15.9,Jeb Putzier
397,Nate,Jackson,2007,DEN,TE,28.0,12.4,Nate Jackson
407,Joe,Kowalewski,2007,NYJ,TE,25.0,12.8,Joe Kowalewski
411,Daniel,Wilcox,2007,BAL,TE,30.0,13.8,Daniel Wilcox
419,Jerame,Tuman,2007,PIT,TE,31.0,7.9,Jerame Tuman
423,Jeff,Dugan,2007,MIN,TE,26.0,11.4,Jeff Dugan
424,Chad,Mustard,2007,DEN,TE,30.0,11.2,Chad Mustard
435,Martrez,Milner,2007,ATL,TE,23.0,14.0,Martrez Milner
439,Sean,Ryan,2007,NYJ,TE,27.0,7.6,Sean Ryan
441,Ben,Troupe,2007,TEN,TE,25.0,9.6,Ben Troupe
442,Dominique,Byrd,2007,STL,TE,23.0,8.4,Dominique Byrd
453,Michael,Matthews,2007,NYG,TE,24.0,8.8,Michael Matthews
454,Garrett,Mills,2007,MIN,TE,24.0,4.6,Garrett Mills
467,Derek,Schouman,2007,BUF,TE,22.0,4.9,Derek Schouman
475,Darnell,Dinkins,2007,CLE,TE,30.0,1.8,Darnell Dinkins
476,Jason,Dunn,2007,KAN,TE,34.0,2.9,Jason Dunn
478,John,Gilmore,2007,CHI,TE,28.0,4.4,John Gilmore
480,Aaron,Halterman,2007,MIA,TE,25.0,1.7,Aaron Halterman
483,Brian,Kozlowski,2007,WAS,TE,37.0,1.5,Brian Kozlowski
484,Ryan,Krause,2007,GNB,TE,26.0,3.1,Ryan Krause
490,Ryan,Neufeld,2007,BUF,TE,32.0,3.4,Ryan Neufeld
491,John,Owens,2007,2TM,TE,27.0,3.3,John Owens
494,Jason,Pociask,2007,NYJ,TE,24.0,1.7,Jason Pociask
495,Isaac,Smolko,2007,JAX,TE,24.0,1.5,Isaac Smolko
497,David,Thomas,2007,NWE,TE,24.0,1.9,David Thomas
498,Aaron,Walker,2007,STL,TE,27.0,3.3,Aaron Walker
509,Dan,Campbell,2007,DET,TE,31.0,1.1,Dan Campbell
523,Kevin,Everett,2007,BUF,TE,25.0,1.3,Kevin Everett
583,Lee,Vickers,2007,BAL,TE,26.0,2.4,Lee Vickers
6,Tony,Gonzalez,2008,KAN,TE,32.0,261.8,Tony Gonzalez
28,Jason,Witten,2008,DAL,TE,26.0,201.88,Jason Witten
29,Dallas,Clark,2008,IND,TE,29.0,195.8,Dallas Clark
31,Antonio,Gates,2008,SDG,TE,28.0,176.4,Antonio Gates
45,Visanthe,Shiancoe,2008,MIN,TE,28.0,143.6,Visanthe Shiancoe
50,Owen,Daniels,2008,HOU,TE,26.0,166.2,Owen Daniels
56,John,Carlson,2008,SEA,TE,24.0,147.7,John Carlson
57,Chris,Cooley,2008,WAS,TE,26.0,169.9,Chris Cooley
61,Anthony,Fasano,2008,MIA,TE,24.0,121.4,Anthony Fasano
62,Greg,Olsen,2008,CHI,TE,23.0,137.4,Greg Olsen
65,Tony,Scheffler,2008,DEN,TE,25.0,120.4,Tony Scheffler
77,Kevin,Boss,2008,NYG,TE,24.0,107.4,Kevin Boss
159,Dustin,Keller,2008,NYJ,TE,24.0,119.5,Dustin Keller
166,Heath,Miller,2008,PIT,TE,26.0,115.4,Heath Miller
167,Bo,Scaife,2008,TEN,TE,27.0,126.1,Bo Scaife
176,Billy,Miller,2008,NOR,TE,31.0,108.9,Billy Miller
178,Daniel,Graham,2008,DEN,TE,30.0,94.9,Daniel Graham
185,Marcedes,Lewis,2008,JAX,TE,24.0,101.9,Marcedes Lewis
186,Kellen,Winslow,2008,CLE,TE,25.0,101.8,Kellen Winslow
188,Donald,Lee,2008,GNB,TE,28.0,99.3,Donald Lee
190,Todd,Heap,2008,BAL,TE,28.0,91.3,Todd Heap
203,Jerramy,Stevens,2008,TAM,TE,29.0,87.7,Jerramy Stevens
211,Vernon,Davis,2008,SFO,TE,24.0,77.89999999999998,Vernon Davis
218,Jeremy,Shockey,2008,NOR,TE,28.0,94.3,Jeremy Shockey
219,L.J.,Smith,2008,PHI,TE,28.0,84.8,L.J. Smith
226,Alex,Smith,2008,TAM,TE,26.0,64.0,Alex Smith
231,Desmond,Clark,2008,CHI,TE,31.0,83.7,Desmond Clark
234,Robert,Royal,2008,BUF,TE,29.0,70.1,Robert Royal
238,Brent,Celek,2008,PHI,TE,23.0,64.8,Brent Celek
248,Ben,Watson,2008,NWE,TE,28.0,52.9,Ben Watson
250,Alge,Crumpler,2008,TEN,TE,31.0,55.7,Alge Crumpler
252,Michael,Gaines,2008,DET,TE,28.0,51.0,Michael Gaines
262,Justin,Peelle,2008,ATL,TE,29.0,42.9,Justin Peelle
268,Dante,Rosario,2008,CAR,TE,24.0,44.9,Dante Rosario
270,Jeff,King,2008,CAR,TE,25.0,46.5,Jeff King
273,Steve,Heiden,2008,CLE,TE,32.0,47.9,Steve Heiden
275,Brandon,Manumaleuna,2008,SDG,TE,28.0,39.7,Brandon Manumaleuna
278,Mark,Campbell,2008,NOR,TE,33.0,36.1,Mark Campbell
290,John,Gilmore,2008,TAM,TE,29.0,35.7,John Gilmore
292,Reggie,Kelly,2008,CIN,TE,31.0,51.7,Reggie Kelly
295,Derek,Schouman,2008,BUF,TE,23.0,36.3,Derek Schouman
300,Delanie,Walker,2008,SFO,TE,24.0,30.2,Delanie Walker
302,Chris,Baker,2008,NYJ,TE,29.0,40.4,Chris Baker
312,Casey,Fitzsimmons,2008,DET,TE,28.0,26.5,Casey Fitzsimmons
314,Darcy,Johnson,2008,NYG,TE,25.0,18.6,Darcy Johnson
317,Tory,Humphrey,2008,GNB,TE,25.0,27.2,Tory Humphrey
320,Derek,Fine,2008,BUF,TE,25.0,25.4,Derek Fine
328,Nate,Jackson,2008,DEN,TE,29.0,25.4,Nate Jackson
329,Randy,McMichael,2008,STL,TE,29.0,24.9,Randy McMichael
331,Matt,Spaeth,2008,PIT,TE,25.0,30.6,Matt Spaeth
333,Daniel,Wilcox,2008,BAL,TE,31.0,18.9,Daniel Wilcox
335,Jermichael,Finley,2008,GNB,TE,21.0,19.4,Jermichael Finley
342,Joe,Klopfenstein,2008,STL,TE,25.0,21.3,Joe Klopfenstein
344,John,Owens,2008,DET,TE,28.0,19.6,John Owens
345,Ben,Patrick,2008,ARI,TE,24.0,21.4,Ben Patrick
346,Tom,Santi,2008,IND,TE,23.0,22.4,Tom Santi
347,Ben,Utecht,2008,CIN,TE,27.0,28.3,Ben Utecht
350,Greg,Estandia,2008,JAX,TE,26.0,21.3,Greg Estandia
358,Todd,Yoder,2008,WAS,TE,30.0,19.0,Todd Yoder
361,Darnell,Dinkins,2008,CLE,TE,31.0,15.1,Darnell Dinkins
374,Jim,Kleinsasser,2008,MIN,TE,31.0,15.2,Jim Kleinsasser
376,David,Thomas,2008,NWE,TE,25.0,18.3,David Thomas
378,Joel,Dreessen,2008,HOU,TE,26.0,18.7,Joel Dreessen
381,Daniel,Fells,2008,STL,TE,25.0,15.1,Daniel Fells
383,Joey,Haynos,2008,MIA,TE,24.0,10.2,Joey Haynos
391,Tony,Stewart,2008,OAK,TE,29.0,19.1,Tony Stewart
394,Garrett,Mills,2008,MIN,TE,25.0,11.5,Garrett Mills
399,Richard,Angulo,2008,JAX,TE,28.0,14.3,Richard Angulo
401,Brad,Cottam,2008,KAN,TE,24.0,13.3,Brad Cottam
415,Bubba,Franks,2008,NYJ,TE,30.0,10.7,Bubba Franks
428,Jerame,Tuman,2008,ARI,TE,32.0,7.1,Jerame Tuman
430,George,Wrighster,2008,JAX,TE,27.0,5.5,George Wrighster
440,Ben,Hartsock,2008,ATL,TE,28.0,5.6,Ben Hartsock
442,Will,Heller,2008,SEA,TE,27.0,4.9,Will Heller
444,Edgar,Jones,2008,BAL,TE,24.0,3.5,Edgar Jones
450,Michael,Matthews,2008,NYG,TE,25.0,4.6,Michael Matthews
452,Jason,Rader,2008,ATL,TE,27.0,1.6,Jason Rader
455,Dan,Campbell,2008,DET,TE,32.0,3.1,Dan Campbell
456,Daniel,Coats,2008,CIN,TE,24.0,3.9,Daniel Coats
464,Sean,McHugh,2008,PIT,TE,26.0,5.4,Sean McHugh
467,Martin,Rucker,2008,CLE,TE,23.0,3.7,Martin Rucker
468,Sean,Ryan,2008,3TM,TE,28.0,4.5,Sean Ryan
489,Nate,Lawrie,2008,CIN,TE,27.0,3.1,Nate Lawrie
495,Matt,Schobel,2008,PHI,TE,30.0,3.0,Matt Schobel
497,Craig,Stevens,2008,TEN,TE,24.0,1.9,Craig Stevens
498,Jacob,Tamme,2008,IND,TE,23.0,4.2,Jacob Tamme
546,Buck,Ortega,2008,NOR,TE,27.0,1.3,Buck Ortega
10,Vernon,Davis,2009,SFO,TE,25.0,252.5,Vernon Davis
12,Dallas,Clark,2009,IND,TE,30.0,271.70000000000005,Dallas Clark
18,Antonio,Gates,2009,SDG,TE,29.0,242.7,Antonio Gates
30,Brent,Celek,2009,PHI,TE,24.0,221.1,Brent Celek
48,Tony,Gonzalez,2009,ATL,TE,33.0,205.7,Tony Gonzalez
49,Visanthe,Shiancoe,2009,MIN,TE,29.0,178.6,Visanthe Shiancoe
52,Kellen,Winslow,2009,TAM,TE,26.0,196.1,Kellen Winslow
57,Jason,Witten,2009,DAL,TE,27.0,209.0,Jason Witten
58,Heath,Miller,2009,PIT,TE,27.0,190.9,Heath Miller
63,Greg,Olsen,2009,CHI,TE,24.0,169.2,Greg Olsen
72,John,Carlson,2009,SEA,TE,25.0,150.4,John Carlson
74,Zach,Miller,2009,OAK,TE,24.0,164.5,Zach Miller
117,Jermichael,Finley,2009,GNB,TE,22.0,150.6,Jermichael Finley
120,Todd,Heap,2009,BAL,TE,29.0,148.5,Todd Heap
132,Kevin,Boss,2009,NYG,TE,25.0,130.29999999999998,Kevin Boss
135,Fred,Davis,2009,WAS,TE,23.0,134.9,Fred Davis
146,Owen,Daniels,2009,HOU,TE,27.0,121.9,Owen Daniels
159,Jeremy,Shockey,2009,NOR,TE,29.0,122.9,Jeremy Shockey
166,Ben,Watson,2009,NWE,TE,29.0,99.4,Ben Watson
172,Dustin,Keller,2009,NYJ,TE,25.0,107.9,Dustin Keller
178,Marcedes,Lewis,2009,JAX,TE,25.0,95.8,Marcedes Lewis
198,Tony,Scheffler,2009,DEN,TE,26.0,84.6,Tony Scheffler
208,Bo,Scaife,2009,TEN,TE,28.0,93.0,Bo Scaife
213,Will,Heller,2009,DET,TE,28.0,76.6,Will Heller
217,Anthony,Fasano,2009,MIA,TE,25.0,74.9,Anthony Fasano
222,Chris,Cooley,2009,WAS,TE,27.0,74.2,Chris Cooley
223,Daniel,Fells,2009,STL,TE,26.0,64.3,Daniel Fells
231,Dante,Rosario,2009,CAR,TE,25.0,69.3,Dante Rosario
240,Randy,McMichael,2009,STL,TE,30.0,73.2,Randy McMichael
244,Joel,Dreessen,2009,HOU,TE,27.0,64.0,Joel Dreessen
245,J.P.,Foschi,2009,CIN,TE,27.0,63.0,J.P. Foschi
246,Jeff,King,2009,CAR,TE,26.0,63.0,Jeff King
253,Daniel,Graham,2009,DEN,TE,31.0,62.9,Daniel Graham
254,Spencer,Havner,2009,GNB,TE,26.0,42.2,Spencer Havner
260,Zach,Miller,2009,JAX,TE,25.0,54.5,Zach Miller
262,Donald,Lee,2009,GNB,TE,29.0,69.0,Donald Lee
270,Alge,Crumpler,2009,TEN,TE,32.0,53.2,Alge Crumpler
271,Joey,Haynos,2009,MIA,TE,25.0,47.2,Joey Haynos
273,Desmond,Clark,2009,CHI,TE,32.0,45.5,Desmond Clark
276,Ben,Patrick,2009,ARI,TE,25.0,38.6,Ben Patrick
277,Delanie,Walker,2009,SFO,TE,25.0,43.7,Delanie Walker
278,Chris,Baker,2009,NWE,TE,30.0,40.2,Chris Baker
280,Kellen,Davis,2009,CHI,TE,24.0,34.5,Kellen Davis
282,Sean,Ryan,2009,KAN,TE,29.0,39.5,Sean Ryan
289,Gary,Barnidge,2009,CAR,TE,24.0,36.2,Gary Barnidge
291,Justin,Peelle,2009,ATL,TE,30.0,35.5,Justin Peelle
293,Leonard,Pope,2009,KAN,TE,26.0,43.4,Leonard Pope
298,Shawn,Nelson,2009,BUF,TE,24.0,36.6,Shawn Nelson
306,Robert,Royal,2009,CLE,TE,30.0,30.4,Robert Royal
307,Jerramy,Stevens,2009,TAM,TE,30.0,34.0,Jerramy Stevens
311,Todd,Yoder,2009,WAS,TE,31.0,22.9,Todd Yoder
313,Jeff,Dugan,2009,MIN,TE,28.0,23.9,Jeff Dugan
320,Ernest,Wilford,2009,JAX,TE,30.0,29.3,Ernest Wilford
327,Martellus,Bennett,2009,DAL,TE,22.0,30.9,Martellus Bennett
330,Evan,Moore,2009,CLE,TE,24.0,27.8,Evan Moore
333,Daniel,Coats,2009,CIN,TE,25.0,29.0,Daniel Coats
343,Steve,Heiden,2009,CLE,TE,33.0,21.3,Steve Heiden
349,Anthony,Becht,2009,ARI,TE,32.0,17.1,Anthony Becht
350,Brad,Cottam,2009,KAN,TE,25.0,21.0,Brad Cottam
360,Tom,Santi,2009,IND,TE,24.0,16.7,Tom Santi
367,Derek,Schouman,2009,BUF,TE,24.0,19.3,Derek Schouman
369,Billy,Bajema,2009,STL,TE,27.0,17.4,Billy Bajema
373,Kory,Sperry,2009,MIA,TE,24.0,12.1,Kory Sperry
376,Kris,Wilson,2009,SDG,TE,28.0,12.8,Kris Wilson
378,Darnell,Dinkins,2009,NOR,TE,32.0,13.2,Darnell Dinkins
385,Tony,Stewart,2009,OAK,TE,30.0,17.8,Tony Stewart
388,Jared,Cook,2009,TEN,TE,22.0,16.4,Jared Cook
391,Jim,Kleinsasser,2009,MIN,TE,32.0,17.0,Jim Kleinsasser
394,Travis,Beckum,2009,NYG,TE,22.0,13.5,Travis Beckum
395,James,Casey,2009,HOU,TE,25.0,12.4,James Casey
401,Derek,Fine,2009,BUF,TE,26.0,15.4,Derek Fine
403,Ben,Hartsock,2009,NYJ,TE,29.0,7.2,Ben Hartsock
406,John,Phillips,2009,DAL,TE,22.0,13.2,John Phillips
412,Greg,Estandia,2009,2TM,TE,27.0,8.5,Greg Estandia
427,Stephen,Spach,2009,ARI,TE,27.0,7.8,Stephen Spach
428,Jonathan,Stupar,2009,BUF,TE,25.0,10.0,Jonathan Stupar
429,Jacob,Tamme,2009,IND,TE,24.0,6.5,Jacob Tamme
433,Darcy,Johnson,2009,NYG,TE,26.0,8.2,Darcy Johnson
440,L.J.,Smith,2009,BAL,TE,29.0,5.1,L.J. Smith
449,John,Gilmore,2009,TAM,TE,30.0,5.3,John Gilmore
454,Brandon,Myers,2009,OAK,TE,24.0,5.9,Brandon Myers
457,John,Owens,2009,SEA,TE,29.0,4.6,John Owens
469,Anthony,Hill,2009,HOU,TE,24.0,1.9,Anthony Hill
470,Tory,Humphrey,2009,NOR,TE,26.0,1.7,Tory Humphrey
471,David,Johnson,2009,PIT,TE,22.0,2.9,David Johnson
474,Edgar,Jones,2009,BAL,TE,25.0,1.8,Edgar Jones
477,Joe,Klopfenstein,2009,BUF,TE,26.0,2.1,Joe Klopfenstein
482,Jake,O'Connell,2009,KAN,TE,24.0,2.7,Jake O'Connell
483,Bear,Pascoe,2009,NYG,TE,23.0,1.9,Bear Pascoe
496,Colin,Cloherty,2009,IND,TE,22.0,1.2,Colin Cloherty
507,Dan,Gronkowski,2009,DET,TE,24.0,1.4,Dan Gronkowski
535,Cameron,Morrah,2009,SEA,TE,22.0,1.3,Cameron Morrah
536,Matthew,Mulligan,2009,NYJ,TE,24.0,1.2,Matthew Mulligan
543,Zach,Potter,2009,JAX,TE,23.0,1.3,Zach Potter
23,Jason,Witten,2010,DAL,TE,28.0,246.2,Jason Witten
35,Antonio,Gates,2010,SDG,TE,30.0,188.2,Antonio Gates
38,Vernon,Davis,2010,SFO,TE,26.0,189.4,Vernon Davis
41,Marcedes,Lewis,2010,JAX,TE,26.0,184.0,Marcedes Lewis
52,Rob,Gronkowski,2010,NWE,TE,21.0,154.6,Rob Gronkowski
60,Chris,Cooley,2010,WAS,TE,28.0,177.9,Chris Cooley
64,Kellen,Winslow,2010,TAM,TE,27.0,169.0,Kellen Winslow
65,Tony,Gonzalez,2010,ATL,TE,34.0,171.6,Tony Gonzalez
68,Dustin,Keller,2010,NYJ,TE,26.0,153.7,Dustin Keller
69,Zach,Miller,2010,OAK,TE,25.0,158.5,Zach Miller
72,Aaron,Hernandez,2010,NWE,TE,21.0,142.0,Aaron Hernandez
128,Brandon,Pettigrew,2010,DET,TE,25.0,167.2,Brandon Pettigrew
133,Ben,Watson,2010,CLE,TE,30.0,162.20000000000005,Ben Watson
140,Todd,Heap,2010,BAL,TE,30.0,129.9,Todd Heap
150,Kevin,Boss,2010,NYG,TE,26.0,116.1,Kevin Boss
160,Anthony,Fasano,2010,MIA,TE,26.0,115.8,Anthony Fasano
165,Joel,Dreessen,2010,HOU,TE,28.0,109.8,Joel Dreessen
167,Brent,Celek,2010,PHI,TE,25.0,117.1,Brent Celek
170,Tony,Moeaki,2010,KAN,TE,23.0,120.6,Tony Moeaki
171,Jermaine,Gresham,2010,CIN,TE,22.0,121.1,Jermaine Gresham
175,Greg,Olsen,2010,CHI,TE,25.0,109.4,Greg Olsen
183,Jimmy,Graham,2010,NOR,TE,24.0,96.9,Jimmy Graham
187,Visanthe,Shiancoe,2010,MIN,TE,30.0,112.0,Visanthe Shiancoe
191,Heath,Miller,2010,PIT,TE,28.0,103.2,Heath Miller
195,Owen,Daniels,2010,HOU,TE,28.0,97.1,Owen Daniels
197,Jeremy,Shockey,2010,NOR,TE,30.0,99.8,Jeremy Shockey
204,Bo,Scaife,2010,TEN,TE,29.0,89.8,Bo Scaife
211,Dallas,Clark,2010,IND,TE,31.0,89.7,Dallas Clark
216,Daniel,Fells,2010,STL,TE,27.0,92.1,Daniel Fells
217,Fred,Davis,2010,WAS,TE,24.0,70.6,Fred Davis
230,Tony,Scheffler,2010,DET,TE,27.0,86.8,Tony Scheffler
235,Jared,Cook,2010,TEN,TE,23.0,71.1,Jared Cook
246,John,Carlson,2010,SEA,TE,26.0,68.8,John Carlson
247,Evan,Moore,2010,CLE,TE,25.0,52.2,Evan Moore
256,Jermichael,Finley,2010,GNB,TE,23.0,57.1,Jermichael Finley
262,Delanie,Walker,2010,SFO,TE,26.0,61.9,Delanie Walker
267,David,Thomas,2010,NOR,TE,27.0,63.9,David Thomas
269,Michael,Hoomanawanui,2010,STL,TE,22.0,45.6,Michael Hoomanawanui
273,Andrew,Quarless,2010,GNB,TE,22.0,48.8,Andrew Quarless
275,Zach,Miller,2010,JAX,TE,26.0,48.5,Zach Miller
281,Billy,Bajema,2010,STL,TE,28.0,40.5,Billy Bajema
286,Martellus,Bennett,2010,DAL,TE,23.0,59.0,Martellus Bennett
289,Dante,Rosario,2010,CAR,TE,26.0,58.2,Dante Rosario
292,Donald,Lee,2010,GNB,TE,30.0,34.3,Donald Lee
295,Travis,Beckum,2010,NYG,TE,23.0,36.6,Travis Beckum
298,Craig,Stevens,2010,TEN,TE,26.0,35.2,Craig Stevens
306,John,Gilmore,2010,TAM,TE,31.0,35.0,John Gilmore
312,Ed,Dickson,2010,BAL,TE,23.0,32.2,Ed Dickson
317,Leonard,Pope,2010,KAN,TE,27.0,29.6,Leonard Pope
326,Alge,Crumpler,2010,NWE,TE,33.0,23.2,Alge Crumpler
332,Justin,Peelle,2010,ATL,TE,31.0,25.6,Justin Peelle
336,Daniel,Graham,2010,DEN,TE,32.0,32.8,Daniel Graham
337,Jim,Kleinsasser,2010,MIN,TE,33.0,31.8,Jim Kleinsasser
342,Matt,Spaeth,2010,PIT,TE,27.0,23.0,Matt Spaeth
347,Clay,Harbor,2010,PHI,TE,23.0,22.2,Clay Harbor
360,Ben,Patrick,2010,ARI,TE,26.0,27.3,Ben Patrick
369,Jonathan,Stupar,2010,BUF,TE,26.0,23.1,Jonathan Stupar
373,James,Casey,2010,HOU,TE,26.0,17.8,James Casey
377,Will,Heller,2010,DET,TE,29.0,13.7,Will Heller
381,David,Martin,2010,BUF,TE,31.0,17.3,David Martin
389,Michael,Palmer,2010,ATL,TE,22.0,13.9,Michael Palmer
392,Kellen,Davis,2010,CHI,TE,25.0,8.9,Kellen Davis
394,Brandon,Myers,2010,OAK,TE,25.0,20.0,Brandon Myers
397,Khalif,Barnes,2010,OAK,TE,28.0,8.8,Khalif Barnes
400,Dan,Gronkowski,2010,DEN,TE,25.0,14.5,Dan Gronkowski
401,Bear,Pascoe,2010,NYG,TE,24.0,16.2,Bear Pascoe
402,Logan,Paulsen,2010,WAS,TE,23.0,9.0,Logan Paulsen
403,Gijon,Robinson,2010,IND,TE,26.0,10.2,Gijon Robinson
408,Kris,Wilson,2010,SDG,TE,29.0,13.3,Kris Wilson
411,Tom,Crabtree,2010,GNB,TE,25.0,10.1,Tom Crabtree
421,Jim,Dray,2010,ARI,TE,24.0,7.7,Jim Dray
423,David,Johnson,2010,PIT,TE,23.0,8.6,David Johnson
428,Brody,Eldridge,2010,IND,TE,23.0,8.9,Brody Eldridge
432,Reggie,Kelly,2010,CIN,TE,33.0,14.2,Reggie Kelly
435,Ryan,Purvis,2010,TAM,TE,24.0,8.8,Ryan Purvis
437,Mickey,Shuler,2010,MIA,TE,24.0,6.4,Mickey Shuler
438,Stephen,Spach,2010,ARI,TE,28.0,11.0,Stephen Spach
439,Jerramy,Stevens,2010,TAM,TE,31.0,7.3,Jerramy Stevens
442,Nate,Byham,2010,SFO,TE,22.0,7.7,Nate Byham
444,Chase,Coffman,2010,CIN,TE,24.0,6.0,Chase Coffman
446,Jeff,Dugan,2010,MIN,TE,29.0,7.2,Jeff Dugan
452,Shawn,Nelson,2010,BUF,TE,25.0,3.5,Shawn Nelson
453,Jake,O'Connell,2010,KAN,TE,25.0,6.1,Jake O'Connell
470,Garrett,Mills,2010,PHI,TE,27.0,3.9,Garrett Mills
473,Fendi,Onobun,2010,STL,TE,24.0,3.5,Fendi Onobun
476,Zach,Potter,2010,JAX,TE,24.0,5.4,Zach Potter
483,Scott,Chandler,2010,2TM,TE,25.0,1.8,Scott Chandler
484,Desmond,Clark,2010,CHI,TE,33.0,2.2,Desmond Clark
489,Ben,Hartsock,2010,NYJ,TE,30.0,1.7,Ben Hartsock
494,Erik,Lorig,2010,TAM,TE,24.0,2.0,Erik Lorig
501,Richard,Quinn,2010,DEN,TE,24.0,1.9,Richard Quinn
503,Alex,Smith,2010,CLE,TE,28.0,1.6,Alex Smith
522,Jeff,Cumberland,2010,NYJ,TE,23.0,1.3,Jeff Cumberland
552,Dennis,Pitta,2010,BAL,TE,25.0,1.1,Dennis Pitta
570,Ernest,Wilford,2010,JAX,TE,31.0,1.3,Ernest Wilford
5,Rob,Gronkowski,2011,NWE,TE,22.0,330.9,Rob Gronkowski
12,Jimmy,Graham,2011,NOR,TE,25.0,294.0,Jimmy Graham
31,Aaron,Hernandez,2011,NWE,TE,22.0,214.5,Aaron Hernandez
42,Tony,Gonzalez,2011,ATL,TE,35.0,209.5,Tony Gonzalez
46,Jermichael,Finley,2011,GNB,TE,24.0,179.7,Jermichael Finley
47,Jason,Witten,2011,DAL,TE,29.0,203.2,Jason Witten
52,Antonio,Gates,2011,SDG,TE,31.0,183.8,Antonio Gates
56,Vernon,Davis,2011,SFO,TE,27.0,179.7,Vernon Davis
59,Dustin,Keller,2011,NYJ,TE,27.0,174.5,Dustin Keller
61,Brent,Celek,2011,PHI,TE,26.0,173.1,Brent Celek
66,Brandon,Pettigrew,2011,DET,TE,26.0,190.7,Brandon Pettigrew
129,Fred,Davis,2011,WAS,TE,25.0,154.6,Fred Davis
132,Jermaine,Gresham,2011,CIN,TE,23.0,149.6,Jermaine Gresham
135,Jared,Cook,2011,TEN,TE,24.0,138.9,Jared Cook
136,Kellen,Winslow,2011,TAM,TE,28.0,161.3,Kellen Winslow
143,Owen,Daniels,2011,HOU,TE,29.0,139.7,Owen Daniels
149,Jake,Ballard,2011,NYG,TE,24.0,122.4,Jake Ballard
152,Ed,Dickson,2011,BAL,TE,24.0,136.8,Ed Dickson
163,Heath,Miller,2011,PIT,TE,29.0,124.7,Heath Miller
165,Scott,Chandler,2011,BUF,TE,26.0,110.9,Scott Chandler
166,Anthony,Fasano,2011,MIA,TE,27.0,107.1,Anthony Fasano
172,Tony,Scheffler,2011,DET,TE,28.0,97.2,Tony Scheffler
173,Joel,Dreessen,2011,HOU,TE,29.0,99.3,Joel Dreessen
175,Jeremy,Shockey,2011,CAR,TE,31.0,104.5,Jeremy Shockey
196,Dennis,Pitta,2011,BAL,TE,26.0,98.5,Dennis Pitta
197,Visanthe,Shiancoe,2011,MIN,TE,31.0,94.9,Visanthe Shiancoe
201,Evan,Moore,2011,CLE,TE,26.0,90.4,Evan Moore
204,Kevin,Boss,2011,OAK,TE,27.0,82.8,Kevin Boss
211,Ben,Watson,2011,CLE,TE,31.0,90.0,Ben Watson
217,Kellen,Davis,2011,CHI,TE,26.0,68.6,Kellen Davis
230,Dallas,Clark,2011,IND,TE,32.0,79.2,Dallas Clark
231,Jeff,King,2011,ARI,TE,28.0,72.1,Jeff King
233,Marcedes,Lewis,2011,JAX,TE,27.0,85.0,Marcedes Lewis
239,Daniel,Fells,2011,DEN,TE,28.0,60.6,Daniel Fells
243,Kyle,Rudolph,2011,MIN,TE,22.0,68.9,Kyle Rudolph
258,Delanie,Walker,2011,SFO,TE,27.0,57.3,Delanie Walker
269,Todd,Heap,2011,ARI,TE,31.0,58.3,Todd Heap
271,Lance,Kendricks,2011,STL,TE,23.0,60.40000000000001,Lance Kendricks
281,Leonard,Pope,2011,KAN,TE,28.0,54.7,Leonard Pope
293,Randy,McMichael,2011,SDG,TE,32.0,57.1,Randy McMichael
304,Jacob,Tamme,2011,IND,TE,26.0,42.7,Jacob Tamme
306,Zach,Miller,2011,SEA,TE,26.0,48.3,Zach Miller
307,Craig,Stevens,2011,TEN,TE,27.0,31.6,Craig Stevens
311,Clay,Harbor,2011,PHI,TE,24.0,35.3,Clay Harbor
316,Alex,Smith,2011,CLE,TE,29.0,33.1,Alex Smith
326,Matt,Spaeth,2011,CHI,TE,28.0,24.0,Matt Spaeth
331,Travis,Beckum,2011,NYG,TE,24.0,20.3,Travis Beckum
336,Anthony,McCoy,2011,SEA,TE,24.0,27.6,Anthony McCoy
339,Brandon,Myers,2011,OAK,TE,26.0,31.1,Brandon Myers
345,Martellus,Bennett,2011,DAL,TE,24.0,31.4,Martellus Bennett
350,Bear,Pascoe,2011,NYG,TE,25.0,25.6,Bear Pascoe
351,Logan,Paulsen,2011,WAS,TE,24.0,24.8,Logan Paulsen
356,Rob,Housler,2011,ARI,TE,23.0,23.3,Rob Housler
358,Michael,Palmer,2011,ATL,TE,23.0,23.2,Michael Palmer
361,Donald,Lee,2011,CIN,TE,31.0,22.5,Donald Lee
362,Dante,Rosario,2011,2TM,TE,27.0,18.7,Dante Rosario
371,Colin,Cochart,2011,CIN,TE,24.0,15.4,Colin Cochart
372,Tom,Crabtree,2011,GNB,TE,26.0,15.8,Tom Crabtree
375,Zach,Miller,2011,JAX,TE,27.0,14.2,Zach Miller
383,Daniel,Graham,2011,TEN,TE,33.0,10.5,Daniel Graham
386,Weslye,Saunders,2011,PIT,TE,22.0,12.9,Weslye Saunders
388,Luke,Stocker,2011,TAM,TE,23.0,21.2,Luke Stocker
390,John,Gilmore,2011,NOR,TE,32.0,11.0,John Gilmore
394,Cameron,Morrah,2011,SEA,TE,24.0,13.5,Cameron Morrah
396,Billy,Bajema,2011,STL,TE,29.0,16.1,Billy Bajema
399,Chris,Cooley,2011,WAS,TE,29.0,14.8,Chris Cooley
405,Colin,Cloherty,2011,JAX,TE,24.0,9.7,Colin Cloherty
411,Matthew,Mulligan,2011,NYJ,TE,26.0,10.8,Matthew Mulligan
412,Ryan,Taylor,2011,GNB,TE,24.0,7.4,Ryan Taylor
417,Brody,Eldridge,2011,IND,TE,24.0,11.5,Brody Eldridge
421,Jake,O'Connell,2011,KAN,TE,26.0,12.2,Jake O'Connell
422,Zach,Potter,2011,JAX,TE,25.0,10.0,Zach Potter
429,Mike,Caussin,2011,BUF,TE,24.0,9.1,Mike Caussin
430,Jeff,Cumberland,2011,NYJ,TE,24.0,5.5,Jeff Cumberland
434,Will,Heller,2011,DET,TE,30.0,10.2,Will Heller
439,Zack,Pianalto,2011,TAM,TE,22.0,8.0,Zack Pianalto
441,Andrew,Quarless,2011,GNB,TE,23.0,6.6,Andrew Quarless
448,Anthony,Becht,2011,KAN,TE,34.0,5.6,Anthony Becht
449,Kevin,Brock,2011,BUF,TE,25.0,4.7,Kevin Brock
450,Jordan,Cameron,2011,CLE,TE,23.0,9.3,Jordan Cameron
452,Jim,Dray,2011,ARI,TE,25.0,4.5,Jim Dray
463,Kory,Sperry,2011,SDG,TE,26.0,4.2,Kory Sperry
472,Garrett,Graham,2011,HOU,TE,25.0,3.4,Garrett Graham
474,Virgil,Green,2011,DEN,TE,23.0,5.4,Virgil Green
476,Justin,Peelle,2011,SFO,TE,32.0,2.9,Justin Peelle
482,David,Thomas,2011,NOR,TE,28.0,6.6,David Thomas
487,David,Ausberry,2011,OAK,TE,24.0,3.2,David Ausberry
492,Mike,Cox,2011,ATL,TE,26.0,2.8,Mike Cox
496,Anthony,Hill,2011,IND,TE,26.0,3.0,Anthony Hill
501,Reggie,Kelly,2011,ATL,TE,34.0,1.7,Reggie Kelly
506,Allen,Reisner,2011,MIN,TE,23.0,1.5,Allen Reisner
508,Lee,Smith,2011,BUF,TE,24.0,5.1,Lee Smith
513,Julius,Thomas,2011,DEN,TE,23.0,1.5,Julius Thomas
515,D.J.,Williams,2011,GNB,TE,23.0,3.3,D.J. Williams
542,Michael,Higgins,2011,NOR,TE,24.0,1.4,Michael Higgins
548,Jim,Kleinsasser,2011,MIN,TE,34.0,1.4,Jim Kleinsasser
554,Steve,Maneri,2011,KAN,TE,23.0,1.1,Steve Maneri
575,Stephen,Spach,2011,STL,TE,29.0,2.2,Stephen Spach
27,Jimmy,Graham,2012,NOR,TE,26.0,237.2,Jimmy Graham
32,Rob,Gronkowski,2012,NWE,TE,23.0,198.0,Rob Gronkowski
35,Tony,Gonzalez,2012,ATL,TE,36.0,234.0,Tony Gonzalez
42,Heath,Miller,2012,PIT,TE,30.0,200.6,Heath Miller
47,Jason,Witten,2012,DAL,TE,30.0,231.9,Jason Witten
58,Greg,Olsen,2012,CAR,TE,27.0,183.3,Greg Olsen
61,Dennis,Pitta,2012,BAL,TE,27.0,169.9,Dennis Pitta
64,Owen,Daniels,2012,HOU,TE,30.0,169.6,Owen Daniels
67,Kyle,Rudolph,2012,MIN,TE,23.0,156.3,Kyle Rudolph
68,Brandon,Myers,2012,OAK,TE,27.0,183.6,Brandon Myers
70,Jermaine,Gresham,2012,CIN,TE,24.0,165.7,Jermaine Gresham
76,Antonio,Gates,2012,SDG,TE,32.0,144.8,Antonio Gates
126,Martellus,Bennett,2012,NYG,TE,25.0,147.6,Martellus Bennett
130,Scott,Chandler,2012,BUF,TE,27.0,134.1,Scott Chandler
140,Vernon,Davis,2012,SFO,TE,28.0,125.8,Vernon Davis
154,Aaron,Hernandez,2012,NWE,TE,23.0,129.8,Aaron Hernandez
156,Lance,Kendricks,2012,STL,TE,24.0,117.9,Lance Kendricks
157,Marcedes,Lewis,2012,JAX,TE,28.0,130.0,Marcedes Lewis
159,Jermichael,Finley,2012,GNB,TE,25.0,137.7,Jermichael Finley
162,Jared,Cook,2012,TEN,TE,25.0,118.3,Jared Cook
164,Brent,Celek,2012,PHI,TE,27.0,129.4,Brent Celek
165,Dwayne,Allen,2012,IND,TE,22.0,115.6,Dwayne Allen
166,Brandon,Pettigrew,2012,DET,TE,27.0,129.7,Brandon Pettigrew
171,Dallas,Clark,2012,TAM,TE,33.0,114.5,Dallas Clark
173,Jacob,Tamme,2012,DEN,TE,27.0,119.5,Jacob Tamme
175,Ben,Watson,2012,CLE,TE,32.0,117.1,Ben Watson
178,Joel,Dreessen,2012,DEN,TE,30.0,106.6,Joel Dreessen
182,Anthony,Fasano,2012,MIA,TE,28.0,104.2,Anthony Fasano
196,Zach,Miller,2012,SEA,TE,27.0,93.6,Zach Miller
199,Tony,Scheffler,2012,DET,TE,29.0,98.4,Tony Scheffler
204,Jeff,Cumberland,2012,NYJ,TE,25.0,82.9,Jeff Cumberland
210,James,Casey,2012,HOU,TE,28.0,85.6,James Casey
211,Tony,Moeaki,2012,KAN,TE,25.0,84.3,Tony Moeaki
214,Delanie,Walker,2012,SFO,TE,28.0,71.4,Delanie Walker
221,Anthony,McCoy,2012,SEA,TE,25.0,65.1,Anthony McCoy
226,Dustin,Keller,2012,NYJ,TE,28.0,71.7,Dustin Keller
237,Rob,Housler,2012,ARI,TE,24.0,86.7,Rob Housler
240,Coby,Fleener,2012,IND,TE,24.0,66.1,Coby Fleener
249,Tom,Crabtree,2012,GNB,TE,27.0,46.3,Tom Crabtree
250,Logan,Paulsen,2012,WAS,TE,25.0,61.8,Logan Paulsen
257,Craig,Stevens,2012,TEN,TE,28.0,56.5,Craig Stevens
260,Fred,Davis,2012,WAS,TE,26.0,56.6,Fred Davis
261,Kellen,Davis,2012,CHI,TE,27.0,51.9,Kellen Davis
263,David,Thomas,2012,NOR,TE,29.0,43.6,David Thomas
278,Jordan,Cameron,2012,CLE,TE,24.0,48.6,Jordan Cameron
282,Darrel,Young,2012,WAS,TE,25.0,36.9,Darrel Young
295,Dante,Rosario,2012,SDG,TE,28.0,35.5,Dante Rosario
304,Ed,Dickson,2012,BAL,TE,25.0,43.5,Ed Dickson
307,Luke,Stocker,2012,TAM,TE,24.0,38.5,Luke Stocker
313,Will,Heller,2012,DET,TE,31.0,38.0,Will Heller
345,Gary,Barnidge,2012,CAR,TE,27.0,19.8,Gary Barnidge
350,Matthew,Mulligan,2012,STL,TE,27.0,22.4,Matthew Mulligan
354,Kevin,Boss,2012,KAN,TE,28.0,15.5,Kevin Boss
357,Jeff,King,2012,ARI,TE,29.0,29.9,Jeff King
359,Leonard,Pope,2012,PIT,TE,29.0,15.9,Leonard Pope
360,Lee,Smith,2012,BUF,TE,25.0,17.3,Lee Smith
364,John,Phillips,2012,DAL,TE,25.0,19.5,John Phillips
373,Michael,Hoomanawanui,2012,NWE,TE,24.0,15.9,Michael Hoomanawanui
376,Orson,Charles,2012,CIN,TE,21.0,18.1,Orson Charles
384,David,Ausberry,2012,OAK,TE,25.0,16.2,David Ausberry
386,Daniel,Fells,2012,NWE,TE,29.0,12.5,Daniel Fells
387,James,Hanna,2012,DAL,TE,23.0,16.6,James Hanna
388,Todd,Heap,2012,ARI,TE,32.0,17.4,Todd Heap
392,Matt,Spaeth,2012,CHI,TE,29.0,14.8,Matt Spaeth
394,Nate,Byham,2012,TAM,TE,24.0,10.8,Nate Byham
397,Michael,Palmer,2012,ATL,TE,24.0,14.2,Michael Palmer
399,Konrad,Reuland,2012,NYJ,TE,25.0,19.3,Konrad Reuland
402,Rhett,Ellison,2012,MIN,TE,24.0,13.5,Rhett Ellison
404,Richard,Gordon,2012,OAK,TE,25.0,8.9,Richard Gordon
412,Guy,Whimper,2012,JAX,TE,29.0,9.1,Guy Whimper
414,Ladarius,Green,2012,SDG,TE,22.0,9.6,Ladarius Green
418,Mike,Johnson,2012,ATL,TE,25.0,7.1,Mike Johnson
421,D.J.,Williams,2012,GNB,TE,24.0,12.7,D.J. Williams
424,Garrett,Celek,2012,SFO,TE,24.0,9.1,Garrett Celek
428,Steve,Maneri,2012,KAN,TE,24.0,10.1,Steve Maneri
430,David,Paulson,2012,PIT,TE,23.0,12.1,David Paulson
433,Taylor,Thompson,2012,TEN,TE,23.0,10.6,Taylor Thompson
436,Kyle,Adams,2012,CHI,TE,24.0,8.0,Kyle Adams
451,Ben,Hartsock,2012,CAR,TE,32.0,5.0,Ben Hartsock
456,Mike,McNeill,2012,STL,TE,24.0,7.1,Mike McNeill
466,Jim,Dray,2012,ARI,TE,26.0,3.5,Jim Dray
470,Cory,Harkey,2012,STL,TE,22.0,3.1,Cory Harkey
473,Jake,O'Connell,2012,KAN,TE,27.0,4.8,Jake O'Connell
476,Evan,Rodriguez,2012,CHI,TE,24.0,6.1,Evan Rodriguez
477,Weslye,Saunders,2012,IND,TE,23.0,3.5,Weslye Saunders
479,Hayden,Smith,2012,NYJ,TE,27.0,2.6,Hayden Smith
484,Chase,Coffman,2012,ATL,TE,26.0,2.2,Chase Coffman
488,Tommy,Gallarda,2012,ATL,TE,24.0,1.7,Tommy Gallarda
496,Dominique,Jones,2012,IND,TE,25.0,1.8,Dominique Jones
500,Evan,Moore,2012,2TM,TE,27.0,1.6,Evan Moore
503,Zach,Potter,2012,JAX,TE,26.0,2.6,Zach Potter
504,Allen,Reisner,2012,2TM,TE,24.0,2.3,Allen Reisner
509,Isaiah,Stanback,2012,JAX,TE,28.0,1.6,Isaiah Stanback
512,Ryan,Taylor,2012,GNB,TE,25.0,2.1,Ryan Taylor
517,Kellen,Winslow,2012,NWE,TE,29.0,2.2,Kellen Winslow
591,Michael,Higgins,2012,NOR,TE,25.0,0.7,Michael Higgins
648,Brad,Smelley,2012,CLE,TE,23.0,1.3,Brad Smelley
681,Dedrick,Epps,2012,NYJ,TE,24.0,-0.1,Dedrick Epps
19,Vernon,Davis,2013,SFO,TE,29.0,213.0,Vernon Davis
23,Julius,Thomas,2013,DEN,TE,25.0,215.8,Julius Thomas
30,Tony,Gonzalez,2013,ATL,TE,37.0,216.9,Tony Gonzalez
32,Jordan,Cameron,2013,CLE,TE,25.0,213.7,Jordan Cameron
34,Jason,Witten,2013,DAL,TE,31.0,206.1,Jason Witten
44,Charles,Clay,2013,MIA,TE,24.0,188.4,Charles Clay
46,Greg,Olsen,2013,CAR,TE,28.0,190.6,Greg Olsen
52,Antonio,Gates,2013,SDG,TE,33.0,184.2,Antonio Gates
59,Martellus,Bennett,2013,CHI,TE,26.0,168.9,Martellus Bennett
65,Jared,Cook,2013,STL,TE,26.0,146.1,Jared Cook
68,Delanie,Walker,2013,TEN,TE,29.0,153.1,Delanie Walker
75,Coby,Fleener,2013,IND,TE,25.0,136.8,Coby Fleener
150,Tim,Wright,2013,TAM,TE,23.0,141.29999999999995,Tim Wright
153,Brent,Celek,2013,PHI,TE,28.0,116.2,Brent Celek
154,Garrett,Graham,2013,HOU,TE,27.0,131.5,Garrett Graham
155,Rob,Gronkowski,2013,NWE,TE,24.0,122.2,Rob Gronkowski
166,Scott,Chandler,2013,BUF,TE,28.0,128.5,Scott Chandler
168,Brandon,Myers,2013,NYG,TE,28.0,123.2,Brandon Myers
172,Zach,Ertz,2013,PHI,TE,23.0,106.9,Zach Ertz
173,Jordan,Reed,2013,WAS,TE,23.0,114.7,Jordan Reed
178,Zach,Miller,2013,SEA,TE,28.0,101.7,Zach Miller
181,Joseph,Fauria,2013,DET,TE,23.0,80.7,Joseph Fauria
183,Mychal,Rivera,2013,OAK,TE,23.0,102.7,Mychal Rivera
185,Jeff,Cumberland,2013,NYJ,TE,26.0,89.8,Jeff Cumberland
186,Jermaine,Gresham,2013,CIN,TE,25.0,109.8,Jermaine Gresham
189,Heath,Miller,2013,PIT,TE,31.0,121.3,Heath Miller
200,Marcedes,Lewis,2013,JAX,TE,29.0,82.9,Marcedes Lewis
202,Tyler,Eifert,2013,CIN,TE,23.0,95.5,Tyler Eifert
207,Ladarius,Green,2013,SDG,TE,23.0,72.6,Ladarius Green
222,Dallas,Clark,2013,BAL,TE,34.0,83.3,Dallas Clark
224,Brandon,Pettigrew,2013,DET,TE,28.0,92.6,Brandon Pettigrew
227,Rob,Housler,2013,ARI,TE,25.0,90.4,Rob Housler
228,Kellen,Winslow,2013,NYJ,TE,30.0,81.8,Kellen Winslow
230,Lance,Kendricks,2013,STL,TE,25.0,81.8,Lance Kendricks
236,Kyle,Rudolph,2013,MIN,TE,24.0,79.3,Kyle Rudolph
238,Jermichael,Finley,2013,GNB,TE,26.0,73.0,Jermichael Finley
243,Andrew,Quarless,2013,GNB,TE,25.0,75.2,Andrew Quarless
248,Owen,Daniels,2013,HOU,TE,31.0,67.2,Owen Daniels
249,Sean,McGrath,2013,KAN,TE,26.0,68.2,Sean McGrath
251,Logan,Paulsen,2013,WAS,TE,26.0,68.7,Logan Paulsen
255,Clay,Harbor,2013,JAX,TE,26.0,63.2,Clay Harbor
258,John,Carlson,2013,MIN,TE,29.0,70.4,John Carlson
260,Anthony,Fasano,2013,KAN,TE,29.0,61.0,Anthony Fasano
280,Ed,Dickson,2013,BAL,TE,26.0,58.3,Ed Dickson
283,Jim,Dray,2013,ARI,TE,27.0,57.5,Jim Dray
286,Ryan,Griffin,2013,HOU,TE,23.0,49.4,Ryan Griffin
296,Gary,Barnidge,2013,CLE,TE,28.0,37.7,Gary Barnidge
297,Gavin,Escobar,2013,DAL,TE,22.0,34.4,Gavin Escobar
303,Jacob,Tamme,2013,DEN,TE,28.0,44.4,Jacob Tamme
304,Cory,Harkey,2013,STL,TE,23.0,36.3,Cory Harkey
310,Dennis,Pitta,2013,BAL,TE,28.0,42.9,Dennis Pitta
313,Jake,Ballard,2013,ARI,TE,26.0,26.5,Jake Ballard
317,Michael,Hoomanawanui,2013,NWE,TE,25.0,31.6,Michael Hoomanawanui
324,Brandon,Bostick,2013,GNB,TE,24.0,25.0,Brandon Bostick
327,Levine,Toilolo,2013,ATL,TE,22.0,28.5,Levine Toilolo
346,Fred,Davis,2013,WAS,TE,27.0,20.0,Fred Davis
348,Chase,Ford,2013,MIN,TE,23.0,24.3,Chase Ford
353,Rhett,Ellison,2013,MIN,TE,25.0,17.1,Rhett Ellison
357,Vance,McDonald,2013,SFO,TE,23.0,19.9,Vance McDonald
358,Danny,Noble,2013,JAX,TE,24.0,14.3,Danny Noble
362,Joel,Dreessen,2013,DEN,TE,31.0,17.7,Joel Dreessen
364,Chris,Gragg,2013,BUF,TE,23.0,16.3,Chris Gragg
370,Josh,Hill,2013,NOR,TE,23.0,15.599999999999998,Josh Hill
380,Jeron,Mastrud,2013,OAK,TE,26.0,14.8,Jeron Mastrud
382,Dwayne,Allen,2013,IND,TE,23.0,9.0,Dwayne Allen
383,Tom,Crabtree,2013,TAM,TE,28.0,12.1,Tom Crabtree
391,Matthew,Mulligan,2013,NWE,TE,28.0,9.6,Matthew Mulligan
394,David,Paulson,2013,PIT,TE,24.0,14.2,David Paulson
395,Tony,Scheffler,2013,DET,TE,30.0,15.2,Tony Scheffler
400,James,Hanna,2013,DAL,TE,24.0,19.3,James Hanna
402,Nick,Kasa,2013,OAK,TE,23.0,7.9,Nick Kasa
405,Alex,Smith,2013,CIN,TE,31.0,10.2,Alex Smith
406,Matt,Spaeth,2013,PIT,TE,30.0,8.1,Matt Spaeth
408,Taylor,Thompson,2013,TEN,TE,24.0,10.3,Taylor Thompson
419,Zach,Sudfeld,2013,2TM,TE,24.0,11.3,Zach Sudfeld
423,MarQueis,Gray,2013,CLE,TE,24.0,7.1,MarQueis Gray
424,Virgil,Green,2013,DEN,TE,25.0,13.5,Virgil Green
429,Weslye,Saunders,2013,IND,TE,24.0,8.6,Weslye Saunders
433,Kevin,Brock,2013,2TM,TE,27.0,6.6,Kevin Brock
435,Garrett,Celek,2013,SFO,TE,25.0,5.8,Garrett Celek
443,Allen,Reisner,2013,JAX,TE,25.0,9.0,Allen Reisner
448,James,Casey,2013,PHI,TE,29.0,6.1,James Casey
453,Dorin,Dickerson,2013,DET,TE,25.0,5.4,Dorin Dickerson
454,Larry,Donnell,2013,NYG,TE,25.0,6.1,Larry Donnell
457,Dominique,Jones,2013,2TM,TE,26.0,5.4,Dominique Jones
460,John,Phillips,2013,SDG,TE,26.0,7.0,John Phillips
466,Ryan,Taylor,2013,GNB,TE,26.0,9.0,Ryan Taylor
469,Billy,Bajema,2013,BAL,TE,31.0,3.8,Billy Bajema
471,Jack,Doyle,2013,IND,TE,23.0,6.9,Jack Doyle
482,Kory,Sperry,2013,ARI,TE,28.0,2.6,Kory Sperry
490,Henry,Hynoski,2013,NYG,TE,25.0,1.5,Henry Hynoski
493,Mike,McNeill,2013,STL,TE,25.0,1.5,Mike McNeill
495,Michael,Palmer,2013,PIT,TE,25.0,1.8,Michael Palmer
496,Konrad,Reuland,2013,NYJ,TE,26.0,1.7,Konrad Reuland
497,Dante,Rosario,2013,CHI,TE,29.0,2.3,Dante Rosario
499,Craig,Stevens,2013,TEN,TE,29.0,2.5,Craig Stevens
519,Justice,Cunningham,2013,2TM,TE,22.0,1.4,Justice Cunningham
522,Richard,Gordon,2013,KAN,TE,26.0,1.3,Richard Gordon
551,Visanthe,Shiancoe,2013,TEN,TE,33.0,2.2,Visanthe Shiancoe
574,Richie,Brockel,2013,CAR,TE,27.0,0.3000000000000003,Richie Brockel
10,Rob,Gronkowski,2014,NWE,TE,25.0,266.4,Rob Gronkowski
23,Antonio,Gates,2014,SDG,TE,34.0,223.1,Antonio Gates
26,Jimmy,Graham,2014,NOR,TE,28.0,229.9,Jimmy Graham
33,Greg,Olsen,2014,CAR,TE,29.0,220.8,Greg Olsen
36,Martellus,Bennett,2014,CHI,TE,27.0,217.6,Martellus Bennett
39,Coby,Fleener,2014,IND,TE,26.0,176.4,Coby Fleener
44,Julius,Thomas,2014,DEN,TE,26.0,163.9,Julius Thomas
48,Delanie,Walker,2014,TEN,TE,30.0,176.0,Delanie Walker
50,Travis,Kelce,2014,KAN,TE,25.0,177.2,Travis Kelce
62,Jason,Witten,2014,DAL,TE,32.0,164.3,Jason Witten
68,Heath,Miller,2014,PIT,TE,32.0,158.1,Heath Miller
135,Larry,Donnell,2014,NYG,TE,26.0,153.3,Larry Donnell
146,Zach,Ertz,2014,PHI,TE,24.0,144.2,Zach Ertz
150,Jared,Cook,2014,STL,TE,27.0,133.4,Jared Cook
153,Charles,Clay,2014,MIA,TE,25.0,136.5,Charles Clay
161,Owen,Daniels,2014,BAL,TE,32.0,124.7,Owen Daniels
163,Jermaine,Gresham,2014,CIN,TE,26.0,138.0,Jermaine Gresham
164,Mychal,Rivera,2014,OAK,TE,24.0,133.4,Mychal Rivera
174,Scott,Chandler,2014,BUF,TE,29.0,114.7,Scott Chandler
210,Lance,Kendricks,2014,STL,TE,26.0,82.9,Lance Kendricks
212,Luke,Willson,2014,SEA,TE,24.0,76.2,Luke Willson
216,Jordan,Cameron,2014,CLE,TE,26.0,78.4,Jordan Cameron
218,Andrew,Quarless,2014,GNB,TE,26.0,79.3,Andrew Quarless
230,Anthony,Fasano,2014,KAN,TE,30.0,71.6,Anthony Fasano
232,Josh,Hill,2014,NOR,TE,24.0,61.6,Josh Hill
239,Jordan,Reed,2014,WAS,TE,24.0,94.5,Jordan Reed
243,Jeff,Cumberland,2014,NYJ,TE,27.0,65.7,Jeff Cumberland
247,Daniel,Fells,2014,NYG,TE,31.0,56.8,Daniel Fells
255,Brent,Celek,2014,PHI,TE,29.0,70.0,Brent Celek
256,Vernon,Davis,2014,SFO,TE,30.0,62.9,Vernon Davis
257,Clay,Harbor,2014,JAX,TE,27.0,60.9,Clay Harbor
263,Gavin,Escobar,2014,DAL,TE,23.0,43.5,Gavin Escobar
264,Marcedes,Lewis,2014,JAX,TE,30.0,50.6,Marcedes Lewis
266,Richard,Rodgers,2014,GNB,TE,22.0,54.5,Richard Rodgers
267,Kyle,Rudolph,2014,MIN,TE,25.0,59.1,Kyle Rudolph
269,Levine,Toilolo,2014,ATL,TE,23.0,64.8,Levine Toilolo
276,Chase,Ford,2014,MIN,TE,24.0,54.8,Chase Ford
278,Austin,Seferian-Jenkins,2014,TAM,TE,22.0,53.1,Austin Seferian-Jenkins
279,Eric,Ebron,2014,DET,TE,21.0,55.8,Eric Ebron
281,Cooper,Helfet,2014,SEA,TE,25.0,42.5,Cooper Helfet
282,Jim,Dray,2014,CLE,TE,28.0,47.2,Jim Dray
286,Rhett,Ellison,2014,MIN,TE,26.0,45.8,Rhett Ellison
289,Ben,Watson,2014,NOR,TE,34.0,45.6,Ben Watson
295,Garrett,Graham,2014,HOU,TE,28.0,43.7,Garrett Graham
303,Jack,Doyle,2014,IND,TE,24.0,41.8,Jack Doyle
308,Ladarius,Green,2014,SDG,TE,24.0,41.6,Ladarius Green
317,Jacob,Tamme,2014,DEN,TE,29.0,34.9,Jacob Tamme
329,Tony,Moeaki,2014,SEA,TE,27.0,27.4,Tony Moeaki
331,James,Casey,2014,PHI,TE,30.0,20.9,James Casey
332,Ed,Dickson,2014,CAR,TE,27.0,27.5,Ed Dickson
333,Crockett,Gillmore,2014,BAL,TE,23.0,28.1,Crockett Gillmore
340,Gary,Barnidge,2014,CLE,TE,29.0,28.6,Gary Barnidge
349,Joseph,Fauria,2014,DET,TE,24.0,19.4,Joseph Fauria
351,Ryan,Griffin,2014,HOU,TE,24.0,25.1,Ryan Griffin
355,Virgil,Green,2014,DEN,TE,26.0,19.7,Virgil Green
356,Cory,Harkey,2014,STL,TE,24.0,19.5,Cory Harkey
362,MarQueis,Gray,2014,2TM,TE,25.0,22.4,MarQueis Gray
364,Rob,Housler,2014,ARI,TE,26.0,22.0,Rob Housler
365,Dennis,Pitta,2014,BAL,TE,29.0,28.5,Dennis Pitta
366,Matt,Spaeth,2014,PIT,TE,31.0,13.6,Matt Spaeth
368,Chase,Coffman,2014,TEN,TE,28.0,18.4,Chase Coffman
381,Derek,Carrier,2014,SFO,TE,24.0,19.7,Derek Carrier
388,Adrien,Robinson,2014,NYG,TE,26.0,16.0,Adrien Robinson
392,Brian,Leonhardt,2014,OAK,TE,24.0,15.5,Brian Leonhardt
395,Lee,Smith,2014,BUF,TE,27.0,17.2,Lee Smith
398,C.J.,Fiedorowicz,2014,HOU,TE,23.0,12.8,C.J. Fiedorowicz
400,Ryan,Hewitt,2014,CIN,TE,23.0,18.6,Ryan Hewitt
405,Zach,Sudfeld,2014,NYJ,TE,25.0,13.5,Zach Sudfeld
410,Nic,Jacobs,2014,JAX,TE,23.0,9.6,Nic Jacobs
412,Zach,Miller,2014,SEA,TE,29.0,13.6,Zach Miller
417,Darren,Fells,2014,ARI,TE,28.0,12.1,Darren Fells
423,Brandon,Pettigrew,2014,DET,TE,29.0,17.0,Brandon Pettigrew
428,Brandon,Bostick,2014,GNB,TE,25.0,8.3,Brandon Bostick
432,Michael,Palmer,2014,PIT,TE,26.0,7.1,Michael Palmer
433,Bear,Pascoe,2014,ATL,TE,28.0,8.3,Bear Pascoe
434,John,Phillips,2014,SDG,TE,27.0,7.1,John Phillips
440,Garrett,Celek,2014,SFO,TE,26.0,7.3,Garrett Celek
445,James,Hanna,2014,DAL,TE,25.0,8.8,James Hanna
452,Tyler,Eifert,2014,CIN,TE,24.0,6.7,Tyler Eifert
453,Michael,Hoomanawanui,2014,NWE,TE,26.0,7.4,Michael Hoomanawanui
456,Troy,Niklas,2014,ARI,TE,22.0,6.8,Troy Niklas
462,Brandon,Williams,2014,CAR,TE,27.0,8.4,Brandon Williams
469,Craig,Stevens,2014,TEN,TE,30.0,4.6,Craig Stevens
470,Phillip,Supernaw,2014,2TM,TE,24.0,6.0,Phillip Supernaw
473,Cameron,Brate,2014,TAM,TE,23.0,2.7,Cameron Brate
474,Kevin,Brock,2014,CIN,TE,28.0,7.1,Kevin Brock
476,Demetrius,Harris,2014,KAN,TE,23.0,5.0,Demetrius Harris
478,Gator,Hoskins,2014,2TM,TE,23.0,5.1,Gator Hoskins
489,Taylor,Thompson,2014,TEN,TE,25.0,4.4,Taylor Thompson
492,David,Ausberry,2014,OAK,TE,27.0,3.4,David Ausberry
493,Trey,Burton,2014,PHI,TE,23.0,1.0,Trey Burton
499,Marcel,Jensen,2014,JAX,TE,24.0,1.8,Marcel Jensen
501,Vance,McDonald,2014,SFO,TE,24.0,3.0,Vance McDonald
597,David,Johnson,2014,SDG,TE,27.0,1.4,David Johnson
8,Rob,Gronkowski,2015,NWE,TE,26.0,255.6,Rob Gronkowski
11,Gary,Barnidge,2015,CLE,TE,30.0,237.3,Gary Barnidge
12,Jordan,Reed,2015,WAS,TE,25.0,244.2,Jordan Reed
17,Greg,Olsen,2015,CAR,TE,30.0,227.4,Greg Olsen
18,Delanie,Walker,2015,TEN,TE,31.0,242.4,Delanie Walker
22,Tyler,Eifert,2015,CIN,TE,25.0,191.5,Tyler Eifert
41,Travis,Kelce,2015,KAN,TE,26.0,185.5,Travis Kelce
43,Ben,Watson,2015,NOR,TE,35.0,190.5,Ben Watson
59,Richard,Rodgers,2015,GNB,TE,23.0,158.1,Richard Rodgers
65,Zach,Ertz,2015,PHI,TE,25.0,170.3,Zach Ertz
68,Antonio,Gates,2015,SDG,TE,35.0,149.0,Antonio Gates
144,Jason,Witten,2015,DAL,TE,33.0,164.3,Jason Witten
148,Eric,Ebron,2015,DET,TE,22.0,130.7,Eric Ebron
156,Kyle,Rudolph,2015,MIN,TE,26.0,128.5,Kyle Rudolph
158,Julius,Thomas,2015,JAX,TE,27.0,121.5,Julius Thomas
164,Jimmy,Graham,2015,SEA,TE,29.0,120.5,Jimmy Graham
168,Zach,Miller,2015,CHI,TE,31.0,107.9,Zach Miller
171,Jacob,Tamme,2015,ATL,TE,30.0,130.7,Jacob Tamme
172,Charles,Clay,2015,BUF,TE,26.0,121.8,Charles Clay
173,Ladarius,Green,2015,SDG,TE,25.0,103.9,Ladarius Green
176,Owen,Daniels,2015,DEN,TE,33.0,115.7,Owen Daniels
183,Heath,Miller,2015,PIT,TE,33.0,125.7,Heath Miller
188,Crockett,Gillmore,2015,BAL,TE,24.0,98.2,Crockett Gillmore
193,Martellus,Bennett,2015,CHI,TE,28.0,114.9,Martellus Bennett
206,Brent,Celek,2015,PHI,TE,30.0,84.8,Brent Celek
208,Austin,Seferian-Jenkins,2015,TAM,TE,23.0,78.8,Austin Seferian-Jenkins
210,Jordan,Cameron,2015,MIA,TE,27.0,91.6,Jordan Cameron
219,Clive,Walford,2015,OAK,TE,24.0,78.9,Clive Walford
227,Scott,Chandler,2015,NWE,TE,30.0,72.9,Scott Chandler
228,Darren,Fells,2015,ARI,TE,29.0,70.1,Darren Fells
231,Jared,Cook,2015,STL,TE,28.0,85.1,Jared Cook
232,Cameron,Brate,2015,TAM,TE,24.0,69.8,Cameron Brate
244,Anthony,Fasano,2015,TEN,TE,31.0,66.9,Anthony Fasano
251,Vernon,Davis,2015,2TM,TE,31.0,77.5,Vernon Davis
257,Garrett,Celek,2015,SFO,TE,27.0,55.6,Garrett Celek
258,Ryan,Griffin,2015,HOU,TE,25.0,57.1,Ryan Griffin
259,Lance,Kendricks,2015,STL,TE,27.0,61.5,Lance Kendricks
265,Larry,Donnell,2015,NYG,TE,27.0,63.3,Larry Donnell
268,Mychal,Rivera,2015,OAK,TE,25.0,66.0,Mychal Rivera
275,Maxx,Williams,2015,BAL,TE,21.0,64.8,Maxx Williams
290,Jermaine,Gresham,2015,ARI,TE,27.0,46.3,Jermaine Gresham
299,Luke,Willson,2015,SEA,TE,25.0,44.3,Luke Willson
308,Ed,Dickson,2015,CAR,TE,28.0,41.1,Ed Dickson
310,Josh,Hill,2015,NOR,TE,25.0,40.0,Josh Hill
311,Michael,Hoomanawanui,2015,2TM,TE,27.0,34.6,Michael Hoomanawanui
314,Craig,Stevens,2015,TEN,TE,31.0,36.1,Craig Stevens
318,Virgil,Green,2015,DEN,TE,27.0,35.3,Virgil Green
319,Clay,Harbor,2015,JAX,TE,28.0,34.9,Clay Harbor
320,Marcedes,Lewis,2015,JAX,TE,31.0,38.6,Marcedes Lewis
329,C.J.,Fiedorowicz,2015,HOU,TE,24.0,37.7,C.J. Fiedorowicz
337,Derek,Carrier,2015,WAS,TE,25.0,37.1,Derek Carrier
344,Tim,Wright,2015,DET,TE,25.0,28.7,Tim Wright
345,Blake,Bell,2015,SFO,TE,24.0,33.6,Blake Bell
350,Tyler,Kroft,2015,CIN,TE,23.0,29.9,Tyler Kroft
351,Rhett,Ellison,2015,MIN,TE,27.0,29.4,Rhett Ellison
352,Dwayne,Allen,2015,IND,TE,25.0,33.0,Dwayne Allen
353,Nick,Boyle,2015,BAL,TE,22.0,33.3,Nick Boyle
356,Dion,Sims,2015,MIA,TE,24.0,34.7,Dion Sims
357,Jake,Stoneburner,2015,MIA,TE,26.0,21.7,Jake Stoneburner
360,Justin,Perillo,2015,GNB,TE,24.0,27.2,Justin Perillo
363,Chris,Gragg,2015,BUF,TE,25.0,27.0,Chris Gragg
364,Troy,Niklas,2015,ARI,TE,23.0,19.3,Troy Niklas
374,Jesse,James,2015,PIT,TE,21.0,19.6,Jesse James
381,Chase,Coffman,2015,2TM,TE,29.0,21.1,Chase Coffman
382,Jack,Doyle,2015,IND,TE,25.0,25.2,Jack Doyle
383,Demetrius,Harris,2015,KAN,TE,24.0,20.4,Demetrius Harris
384,Cooper,Helfet,2015,SEA,TE,26.0,26.0,Cooper Helfet
391,Brandon,Myers,2015,TAM,TE,30.0,24.7,Brandon Myers
392,Brandon,Pettigrew,2015,DET,TE,30.0,19.7,Brandon Pettigrew
393,John,Phillips,2015,SDG,TE,28.0,22.9,John Phillips
394,Lee,Smith,2015,OAK,TE,28.0,25.0,Lee Smith
400,Tony,Moeaki,2015,ATL,TE,28.0,14.8,Tony Moeaki
401,Luke,Stocker,2015,TAM,TE,27.0,21.1,Luke Stocker
410,Michael,Burton,2015,DET,TE,23.0,16.1,Michael Burton
412,Gavin,Escobar,2015,DAL,TE,24.0,18.4,Gavin Escobar
414,Ryan,Hewitt,2015,CIN,TE,24.0,17.9,Ryan Hewitt
424,James,O'Shaughnessy,2015,KAN,TE,23.0,14.7,James O'Shaughnessy
425,MyCole,Pruitt,2015,MIN,TE,23.0,18.9,MyCole Pruitt
427,Jeff,Cumberland,2015,NYJ,TE,28.0,12.7,Jeff Cumberland
428,Kellen,Davis,2015,NYJ,TE,30.0,10.8,Kellen Davis
429,James,Hanna,2015,DAL,TE,26.0,16.9,James Hanna
444,Jim,Dray,2015,CLE,TE,29.0,12.1,Jim Dray
445,Daniel,Fells,2015,NYG,TE,32.0,12.0,Daniel Fells
451,Levine,Toilolo,2015,ATL,TE,24.0,11.4,Levine Toilolo
454,Trey,Burton,2015,PHI,TE,24.0,8.4,Trey Burton
461,Nick,O'Leary,2015,BUF,TE,23.0,4.7,Nick O'Leary
469,Jake,Fisher,2015,CIN,TE,22.0,4.1,Jake Fisher
471,Rob,Housler,2015,2TM,TE,27.0,7.3,Rob Housler
473,Andrew,Quarless,2015,GNB,TE,27.0,7.1,Andrew Quarless
477,Michael,Williams,2015,NWE,TE,25.0,5.6,Michael Williams
488,Matt,LaCosse,2015,NYG,TE,23.0,5.2,Matt LaCosse
499,E.J.,Bibbs,2015,CLE,TE,24.0,1.7,E.J. Bibbs
505,Nic,Jacobs,2015,JAX,TE,24.0,1.6,Nic Jacobs
508,Kendall,Lamm,2015,HOU,TE,23.0,1.7,Kendall Lamm
510,Khari,Lee,2015,CHI,TE,23.0,1.7,Khari Lee
513,Brian,Parker,2015,KAN,TE,23.0,1.6,Brian Parker
516,Scott,Simonson,2015,CAR,TE,23.0,2.0,Scott Simonson
519,Matt,Spaeth,2015,PIT,TE,32.0,3.0,Matt Spaeth
520,Phillip,Supernaw,2015,TEN,TE,25.0,4.2,Phillip Supernaw
533,Asante,Cleveland,2015,NWE,TE,23.0,1.1,Asante Cleveland
541,MarQueis,Gray,2015,BUF,TE,26.0,1.2,MarQueis Gray
552,Brian,Leonhardt,2015,SFO,TE,25.0,1.4,Brian Leonhardt
558,Matthew,Mulligan,2015,BUF,TE,30.0,1.2,Matthew Mulligan
574,Geoff,Swaim,2015,DAL,TE,22.0,1.0,Geoff Swaim
577,C.J.,Uzomah,2015,CIN,TE,22.0,1.4,C.J. Uzomah
587,David,Johnson,2015,SDG,TE,28.0,-0.2,David Johnson
20,Travis,Kelce,2016,KAN,TE,27.0,221.0,Travis Kelce
25,Greg,Olsen,2016,CAR,TE,31.0,205.3,Greg Olsen
27,Kyle,Rudolph,2016,MIN,TE,27.0,209.0,Kyle Rudolph
31,Jimmy,Graham,2016,SEA,TE,30.0,189.3,Jimmy Graham
32,Delanie,Walker,2016,TEN,TE,32.0,188.1,Delanie Walker
41,Cameron,Brate,2016,TAM,TE,25.0,171.0,Cameron Brate
42,Martellus,Bennett,2016,NWE,TE,29.0,168.1,Martellus Bennett
48,Zach,Ertz,2016,PHI,TE,26.0,183.6,Zach Ertz
49,Jordan,Reed,2016,WAS,TE,26.0,168.6,Jordan Reed
61,Hunter,Henry,2016,SDG,TE,22.0,129.8,Hunter Henry
64,Antonio,Gates,2016,SDG,TE,36.0,147.8,Antonio Gates
74,Coby,Fleener,2016,NOR,TE,28.0,137.29999999999998,Coby Fleener
142,Jack,Doyle,2016,IND,TE,26.0,145.4,Jack Doyle
146,Eric,Ebron,2016,DET,TE,23.0,144.2,Eric Ebron
149,Dennis,Pitta,2016,BAL,TE,31.0,168.9,Dennis Pitta
150,Jason,Witten,2016,DAL,TE,34.0,152.3,Jason Witten
155,C.J.,Fiedorowicz,2016,HOU,TE,25.0,133.9,C.J. Fiedorowicz
157,Dwayne,Allen,2016,IND,TE,26.0,111.6,Dwayne Allen
158,Charles,Clay,2016,BUF,TE,27.0,136.2,Charles Clay
163,Gary,Barnidge,2016,CLE,TE,31.0,128.2,Gary Barnidge
171,Zach,Miller,2016,CHI,TE,32.0,119.6,Zach Miller
174,Rob,Gronkowski,2016,NWE,TE,27.0,97.0,Rob Gronkowski
180,Tyler,Eifert,2016,CIN,TE,26.0,98.4,Tyler Eifert
195,Vance,McDonald,2016,SFO,TE,26.0,87.1,Vance McDonald
202,Lance,Kendricks,2016,LAR,TE,28.0,109.9,Lance Kendricks
207,Jesse,James,2016,PIT,TE,22.0,90.8,Jesse James
210,Ryan,Griffin,2016,HOU,TE,26.0,104.2,Ryan Griffin
212,Clive,Walford,2016,OAK,TE,25.0,86.9,Clive Walford
217,Julius,Thomas,2016,JAX,TE,28.0,82.1,Julius Thomas
218,Garrett,Celek,2016,SFO,TE,28.0,80.0,Garrett Celek
220,Jermaine,Gresham,2016,ARI,TE,28.0,88.1,Jermaine Gresham
224,Dion,Sims,2016,MIA,TE,25.0,75.6,Dion Sims
228,Austin,Hooper,2016,ATL,TE,22.0,64.1,Austin Hooper
232,Will,Tye,2016,NYG,TE,25.0,93.5,Will Tye
240,Jared,Cook,2016,GNB,TE,29.0,71.7,Jared Cook
249,Trey,Burton,2016,PHI,TE,25.0,75.7,Trey Burton
251,Richard,Rodgers,2016,GNB,TE,24.0,69.1,Richard Rodgers
252,Jacob,Tamme,2016,ATL,TE,31.0,61.0,Jacob Tamme
255,Ladarius,Green,2016,PIT,TE,26.0,54.4,Ladarius Green
257,Levine,Toilolo,2016,ATL,TE,25.0,51.4,Levine Toilolo
260,Erik,Swoope,2016,IND,TE,24.0,50.7,Erik Swoope
278,Virgil,Green,2016,DEN,TE,28.0,51.7,Virgil Green
280,C.J.,Uzomah,2016,CIN,TE,23.0,54.4,C.J. Uzomah
294,Seth,Devalve,2016,CLE,TE,23.0,34.7,Seth Devalve
296,Mychal,Rivera,2016,OAK,TE,26.0,43.2,Mychal Rivera
298,Luke,Willson,2016,SEA,TE,26.0,39.9,Luke Willson
301,Xavier,Grimble,2016,PIT,TE,24.0,34.8,Xavier Grimble
304,Marcedes,Lewis,2016,JAX,TE,32.0,42.9,Marcedes Lewis
310,Ben,Koyack,2016,JAX,TE,23.0,41.1,Ben Koyack
315,Darren,Fells,2016,ARI,TE,30.0,35.4,Darren Fells
316,Josh,Hill,2016,NOR,TE,26.0,35.9,Josh Hill
319,Austin,Seferian-Jenkins,2016,2TM,TE,24.0,34.4,Austin Seferian-Jenkins
320,Darren,Waller,2016,BAL,TE,24.0,30.5,Darren Waller
323,Anthony,Fasano,2016,TEN,TE,32.0,28.3,Anthony Fasano
325,Demetrius,Harris,2016,KAN,TE,25.0,35.3,Demetrius Harris
330,Ed,Dickson,2016,CAR,TE,29.0,29.4,Ed Dickson
333,Jerell,Adams,2016,NYG,TE,24.0,34.2,Jerell Adams
341,MarQueis,Gray,2016,MIA,TE,27.0,31.4,MarQueis Gray
346,Brent,Celek,2016,PHI,TE,31.0,29.5,Brent Celek
351,Stephen,Anderson,2016,HOU,TE,23.0,26.3,Stephen Anderson
356,A.J.,Derby,2016,2TM,TE,25.0,30.0,A.J. Derby
357,Jeff,Heuerman,2016,DEN,TE,24.0,23.1,Jeff Heuerman
360,Brandon,Myers,2016,TAM,TE,31.0,18.9,Brandon Myers
362,Larry,Donnell,2016,NYG,TE,28.0,28.2,Larry Donnell
364,Crockett,Gillmore,2016,BAL,TE,25.0,21.1,Crockett Gillmore
366,Nick,O'Leary,2016,BUF,TE,24.0,20.4,Nick O'Leary
367,John,Phillips,2016,2TM,TE,29.0,23.2,John Phillips
373,Jordan,Cameron,2016,MIA,TE,28.0,20.0,Jordan Cameron
375,Rhett,Ellison,2016,MIN,TE,28.0,20.8,Rhett Ellison
377,Dominique,Jones,2016,MIA,TE,29.0,19.1,Dominique Jones
381,Neal,Sterling,2016,JAX,TE,24.0,23.0,Neal Sterling
386,Alan,Cross,2016,TAM,TE,23.0,15.8,Alan Cross
390,Joshua,Perkins,2016,ATL,TE,23.0,13.2,Joshua Perkins
395,Blake,Bell,2016,SFO,TE,25.0,12.5,Blake Bell
398,Gavin,Escobar,2016,DAL,TE,25.0,13.0,Gavin Escobar
414,Connor,Hamlett,2016,CLE,TE,24.0,8.7,Connor Hamlett
417,Matt,Lengel,2016,NWE,TE,26.0,10.2,Matt Lengel
431,Geoff,Swaim,2016,DAL,TE,23.0,12.9,Geoff Swaim
433,Jace,Amaro,2016,TEN,TE,24.0,8.9,Jace Amaro
434,Brandon,Bostick,2016,NYJ,TE,27.0,14.3,Brandon Bostick
438,Phillip,Supernaw,2016,TEN,TE,26.0,10.2,Phillip Supernaw
440,D.J.,Tialavea,2016,ATL,TE,25.0,7.1,D.J. Tialavea
447,Ifeanyi,Momah,2016,ARI,TE,27.0,7.0,Ifeanyi Momah
451,Nick,Boyle,2016,BAL,TE,23.0,10.4,Nick Boyle
452,Ben,Braunecker,2016,CHI,TE,22.0,8.1,Ben Braunecker
459,Justin,Perillo,2016,GNB,TE,25.0,7.5,Justin Perillo
460,Brandon,Williams,2016,SEA,TE,29.0,5.6,Brandon Williams
461,Derek,Carrier,2016,WAS,TE,26.0,3.0,Derek Carrier
465,Sean,McGrath,2016,SDG,TE,29.0,4.5,Sean McGrath
466,Niles,Paul,2016,WAS,TE,27.0,4.7,Niles Paul
469,Lee,Smith,2016,OAK,TE,29.0,8.9,Lee Smith
470,Nick,Vannett,2016,SEA,TE,23.0,6.2,Nick Vannett
478,Clay,Harbor,2016,2TM,TE,29.0,4.9,Clay Harbor
485,Logan,Paulsen,2016,CHI,TE,29.0,4.5,Logan Paulsen
490,Luke,Stocker,2016,TAM,TE,28.0,7.3,Luke Stocker
493,Ross,Travis,2016,KAN,TE,23.0,4.5,Ross Travis
496,Cole,Wick,2016,DET,TE,23.0,3.8,Cole Wick
501,Gerald,Christian,2016,BUF,TE,25.0,2.4,Gerald Christian
503,Alex,Ellis,2016,JAX,TE,23.0,4.1,Alex Ellis
507,Je'Ron,Hamm,2016,SFO,TE,24.0,3.3,Je'Ron Hamm
510,Henry,Krieger-Coble,2016,DEN,TE,24.0,2.3,Henry Krieger-Coble
513,Chris,Manhertz,2016,2TM,TE,24.0,2.0,Chris Manhertz
516,Matthew,Mulligan,2016,DET,TE,31.0,1.8,Matthew Mulligan
518,MyCole,Pruitt,2016,2TM,TE,24.0,3.3,MyCole Pruitt
555,David,Morgan,2016,MIN,TE,23.0,1.4,David Morgan
557,Troy,Niklas,2016,ARI,TE,24.0,1.0,Troy Niklas
558,James,O'Shaughnessy,2016,KAN,TE,24.0,1.9,James O'Shaughnessy
568,Randall,Telfer,2016,CLE,TE,24.0,2.4,Randall Telfer
10,Rob,Gronkowski,2017,NWE,TE,28.0,225.4,Rob Gronkowski
11,Travis,Kelce,2017,KAN,TE,28.0,233.5,Travis Kelce
20,Zach,Ertz,2017,PHI,TE,27.0,202.4,Zach Ertz
34,Jimmy,Graham,2017,SEA,TE,31.0,169.0,Jimmy Graham
38,Evan,Engram,2017,NYG,TE,23.0,173.6,Evan Engram
49,Kyle,Rudolph,2017,MIN,TE,28.0,158.2,Kyle Rudolph
50,Delanie,Walker,2017,TEN,TE,33.0,174.5,Delanie Walker
59,Cameron,Brate,2017,TAM,TE,26.0,143.1,Cameron Brate
63,Jack,Doyle,2017,IND,TE,27.0,169.0,Jack Doyle
71,Jason,Witten,2017,DAL,TE,35.0,147.0,Jason Witten
73,Tyler,Kroft,2017,CIN,TE,25.0,124.4,Tyler Kroft
76,Hunter,Henry,2017,LAC,TE,23.0,126.9,Hunter Henry
146,Jared,Cook,2017,OAK,TE,30.0,132.8,Jared Cook
147,Vernon,Davis,2017,WAS,TE,33.0,121.8,Vernon Davis
148,Eric,Ebron,2017,DET,TE,24.0,132.4,Eric Ebron
153,Ben,Watson,2017,BAL,TE,37.0,137.2,Ben Watson
154,O.J.,Howard,2017,TAM,TE,23.0,101.2,O.J. Howard
162,Austin,Hooper,2017,ATL,TE,23.0,119.6,Austin Hooper
166,Charles,Clay,2017,BUF,TE,28.0,116.8,Charles Clay
180,George,Kittle,2017,SFO,TE,24.0,106.5,George Kittle
181,Marcedes,Lewis,2017,JAX,TE,33.0,85.8,Marcedes Lewis
183,David,Njoku,2017,CLE,TE,21.0,94.7,David Njoku
192,Garrett,Celek,2017,SFO,TE,29.0,78.6,Garrett Celek
196,Trey,Burton,2017,PHI,TE,26.0,77.8,Trey Burton
197,Julius,Thomas,2017,MIA,TE,29.0,97.8,Julius Thomas
199,Jesse,James,2017,PIT,TE,23.0,98.2,Jesse James
206,Austin,Seferian-Jenkins,2017,NYJ,TE,25.0,101.7,Austin Seferian-Jenkins
213,Ed,Dickson,2017,CAR,TE,30.0,79.7,Ed Dickson
215,Antonio,Gates,2017,LAC,TE,37.0,79.6,Antonio Gates
227,Seth,Devalve,2017,CLE,TE,24.0,76.5,Seth Devalve
228,Jermaine,Gresham,2017,ARI,TE,29.0,77.2,Jermaine Gresham
232,Coby,Fleener,2017,NOR,TE,29.0,63.5,Coby Fleener
236,Nick,O'Leary,2017,BUF,TE,25.0,64.2,Nick O'Leary
238,Stephen,Anderson,2017,HOU,TE,24.0,65.2,Stephen Anderson
247,Luke,Willson,2017,SEA,TE,27.0,54.3,Luke Willson
252,Ricky,Seals-Jones,2017,ARI,TE,22.0,50.1,Ricky Seals-Jones
260,Rhett,Ellison,2017,NYG,TE,29.0,59.5,Rhett Ellison
261,Gerald,Everett,2017,LAR,TE,23.0,51.7,Gerald Everett
262,Darren,Fells,2017,DET,TE,31.0,52.7,Darren Fells
263,Tyler,Higbee,2017,LAR,TE,24.0,60.5,Tyler Higbee
266,Zach,Miller,2017,CHI,TE,33.0,55.6,Zach Miller
270,A.J.,Derby,2017,2TM,TE,26.0,55.4,A.J. Derby
277,Jordan,Reed,2017,WAS,TE,27.0,60.1,Jordan Reed
282,Adam,Shaheen,2017,CHI,TE,23.0,42.7,Adam Shaheen
288,Martellus,Bennett,2017,2TM,TE,30.0,58.6,Martellus Bennett
290,Demetrius,Harris,2017,KAN,TE,26.0,46.4,Demetrius Harris
293,Jonnu,Smith,2017,TEN,TE,22.0,45.7,Jonnu Smith
298,Jeff,Heuerman,2017,DEN,TE,25.0,35.2,Jeff Heuerman
299,Lance,Kendricks,2017,GNB,TE,29.0,44.3,Lance Kendricks
302,Virgil,Green,2017,DEN,TE,29.0,39.1,Virgil Green
303,Vance,McDonald,2017,PIT,TE,27.0,38.8,Vance McDonald
304,Greg,Olsen,2017,CAR,TE,32.0,42.1,Greg Olsen
307,Ryan,Griffin,2017,HOU,TE,27.0,34.8,Ryan Griffin
309,Dion,Sims,2017,CHI,TE,26.0,39.0,Dion Sims
314,Nick,Boyle,2017,BAL,TE,24.0,48.3,Nick Boyle
318,Richard,Rodgers,2017,GNB,TE,25.0,34.0,Richard Rodgers
319,James,O'Shaughnessy,2017,JAX,TE,25.0,34.9,James O'Shaughnessy
323,Brent,Celek,2017,PHI,TE,32.0,32.0,Brent Celek
325,Troy,Niklas,2017,ARI,TE,25.0,30.2,Troy Niklas
330,Levine,Toilolo,2017,ATL,TE,26.0,30.2,Levine Toilolo
331,Eric,Tomlinson,2017,NYJ,TE,25.0,26.1,Eric Tomlinson
332,Nick,Vannett,2017,SEA,TE,24.0,30.4,Nick Vannett
334,Anthony,Fasano,2017,MIA,TE,33.0,28.7,Anthony Fasano
340,David,Morgan,2017,MIN,TE,24.0,25.5,David Morgan
342,Dwayne,Allen,2017,NWE,TE,27.0,24.6,Dwayne Allen
345,James,Hanna,2017,DAL,TE,28.0,18.8,James Hanna
349,C.J.,Uzomah,2017,CIN,TE,24.0,25.2,C.J. Uzomah
353,Josh,Hill,2017,NOR,TE,27.0,29.70000000000001,Josh Hill
362,Daniel,Brown,2017,CHI,TE,25.0,25.9,Daniel Brown
364,C.J.,Fiedorowicz,2017,HOU,TE,26.0,26.7,C.J. Fiedorowicz
368,Logan,Thomas,2017,BUF,TE,26.0,19.7,Logan Thomas
370,Maxx,Williams,2017,BAL,TE,23.0,28.20000000000001,Maxx Williams
374,Brandon,Williams,2017,IND,TE,30.0,25.1,Brandon Williams
378,Michael,Hoomanawanui,2017,NOR,TE,29.0,17.2,Michael Hoomanawanui
389,Niles,Paul,2017,WAS,TE,28.0,22.8,Niles Paul
394,Phillip,Supernaw,2017,TEN,TE,27.0,13.9,Phillip Supernaw
395,Austin,Traylor,2017,DEN,TE,24.0,18.0,Austin Traylor
397,Jerell,Adams,2017,NYG,TE,25.0,17.2,Jerell Adams
398,Xavier,Grimble,2017,PIT,TE,25.0,14.2,Xavier Grimble
401,Luke,Stocker,2017,2TM,TE,29.0,13.0,Luke Stocker
412,Lee,Smith,2017,OAK,TE,30.0,15.6,Lee Smith
413,Neal,Sterling,2017,NYJ,TE,25.0,14.2,Neal Sterling
416,Ross,Travis,2017,2TM,TE,24.0,14.6,Ross Travis
417,Clive,Walford,2017,OAK,TE,26.0,17.0,Clive Walford
420,Derek,Carrier,2017,LAR,TE,27.0,15.1,Derek Carrier
431,Jeremy,Sprinkle,2017,WAS,TE,23.0,9.3,Jeremy Sprinkle
433,Alan,Cross,2017,TAM,TE,24.0,10.8,Alan Cross
435,Ben,Koyack,2017,JAX,TE,24.0,8.8,Ben Koyack
436,Vince,Mayle,2017,BAL,TE,26.0,6.2,Vince Mayle
440,Orson,Charles,2017,KAN,TE,26.0,7.3,Orson Charles
441,Tyler,Eifert,2017,CIN,TE,27.0,8.6,Tyler Eifert
443,Jacob,Hollister,2017,NWE,TE,24.0,8.7,Jacob Hollister
446,Sean,McGrath,2017,LAC,TE,30.0,8.6,Sean McGrath
447,Ifeanyi,Momah,2017,ARI,TE,28.0,5.6,Ifeanyi Momah
450,Michael,Roberts,2017,DET,TE,23.0,8.6,Michael Roberts
454,Blake,Bell,2017,MIN,TE,26.0,4.9,Blake Bell
462,Randall,Telfer,2017,CLE,TE,25.0,6.6,Randall Telfer
464,Will,Tye,2017,NYJ,TE,26.0,7.8,Will Tye
465,Antony,Auclair,2017,TAM,TE,24.0,4.5,Antony Auclair
467,Emanuel,Byrd,2017,GNB,TE,23.0,5.1,Emanuel Byrd
469,Darrell,Daniels,2017,IND,TE,23.0,5.6,Darrell Daniels
481,Geoff,Swaim,2017,DAL,TE,24.0,4.5,Geoff Swaim
490,MarQueis,Gray,2017,MIA,TE,28.0,3.4,MarQueis Gray
492,Cole,Hikutini,2017,SFO,TE,23.0,3.5,Cole Hikutini
493,Chris,Manhertz,2017,CAR,TE,25.0,3.7,Chris Manhertz
525,Jeff,Cumberland,2017,LAC,TE,30.0,2.2,Jeff Cumberland
532,Garrett,Griffin,2017,NOR,TE,23.0,1.4,Garrett Griffin
544,Ryan,Malleck,2017,HOU,TE,24.0,1.3,Ryan Malleck
7,Travis,Kelce,2018,KAN,TE,29.0,294.6,Travis Kelce
14,George,Kittle,2018,SFO,TE,25.0,256.7,George Kittle
16,Zach,Ertz,2018,PHI,TE,28.0,280.3,Zach Ertz
19,Eric,Ebron,2018,IND,TE,25.0,222.2,Eric Ebron
38,Jared,Cook,2018,OAK,TE,31.0,193.6,Jared Cook
60,Trey,Burton,2018,CHI,TE,27.0,145.1,Trey Burton
63,Austin,Hooper,2018,ATL,TE,24.0,161.0,Austin Hooper
64,David,Njoku,2018,CLE,TE,22.0,143.9,David Njoku
65,Kyle,Rudolph,2018,MIN,TE,29.0,151.4,Kyle Rudolph
67,O.J.,Howard,2018,TAM,TE,24.0,120.5,O.J. Howard
71,Rob,Gronkowski,2018,NWE,TE,29.0,131.2,Rob Gronkowski
77,Vance,McDonald,2018,PIT,TE,28.0,133.0,Vance McDonald
151,Evan,Engram,2018,NYG,TE,24.0,124.3,Evan Engram
160,Jimmy,Graham,2018,GNB,TE,32.0,130.6,Jimmy Graham
169,Chris,Herndon,2018,NYJ,TE,22.0,113.2,Chris Herndon
170,Mark,Andrews,2018,BAL,TE,22.0,107.2,Mark Andrews
183,Jordan,Reed,2018,WAS,TE,28.0,119.8,Jordan Reed
192,Cameron,Brate,2018,TAM,TE,27.0,92.9,Cameron Brate
195,C.J.,Uzomah,2018,CIN,TE,25.0,104.9,C.J. Uzomah
203,Dallas,Goedert,2018,PHI,TE,23.0,90.4,Dallas Goedert
207,Gerald,Everett,2018,LAR,TE,24.0,84.6,Gerald Everett
208,Jesse,James,2018,PIT,TE,24.0,84.3,Jesse James
209,Greg,Olsen,2018,CAR,TE,33.0,80.1,Greg Olsen
212,Ben,Watson,2018,NOR,TE,38.0,87.0,Ben Watson
214,Vernon,Davis,2018,WAS,TE,34.0,73.7,Vernon Davis
223,Blake,Jarwin,2018,DAL,TE,24.0,75.7,Blake Jarwin
230,Antonio,Gates,2018,LAC,TE,38.0,71.3,Antonio Gates
236,Jordan,Thomas,2018,HOU,TE,22.0,65.5,Jordan Thomas
239,Ian,Thomas,2018,CAR,TE,22.0,81.3,Ian Thomas
240,Nick,Vannett,2018,SEA,TE,25.0,73.9,Nick Vannett
242,Jonnu,Smith,2018,TEN,TE,23.0,63.8,Jonnu Smith
249,Tyler,Higbee,2018,LAR,TE,25.0,65.2,Tyler Higbee
251,Jeff,Heuerman,2018,DEN,TE,26.0,71.1,Jeff Heuerman
253,Ricky,Seals-Jones,2018,ARI,TE,23.0,74.3,Ricky Seals-Jones
267,Jack,Doyle,2018,IND,TE,28.0,60.5,Jack Doyle
268,Rhett,Ellison,2018,NYG,TE,30.0,58.2,Rhett Ellison
272,Demetrius,Harris,2018,KAN,TE,27.0,46.4,Demetrius Harris
273,Ed,Dickson,2018,SEA,TE,31.0,45.2,Ed Dickson
282,Levine,Toilolo,2018,DET,TE,27.0,53.3,Levine Toilolo
286,Ryan,Griffin,2018,HOU,TE,28.0,54.5,Ryan Griffin
290,Matt,LaCosse,2018,DEN,TE,26.0,55.0,Matt LaCosse
293,Darren,Fells,2018,CLE,TE,32.0,40.7,Darren Fells
294,Geoff,Swaim,2018,DAL,TE,25.0,56.2,Geoff Swaim
299,Anthony,Firkser,2018,TEN,TE,23.0,47.5,Anthony Firkser
300,Luke,Stocker,2018,TEN,TE,30.0,43.5,Luke Stocker
301,Jason,Croom,2018,BUF,TE,24.0,49.9,Jason Croom
302,Will,Dissly,2018,SEA,TE,22.0,35.6,Will Dissly
304,Michael,Roberts,2018,DET,TE,24.0,37.0,Michael Roberts
308,Virgil,Green,2018,LAC,TE,30.0,46.0,Virgil Green
312,Erik,Swoope,2018,IND,TE,26.0,34.7,Erik Swoope
317,Mo,Alie-Cox,2018,IND,TE,25.0,32.3,Mo Alie-Cox
319,Josh,Hill,2018,NOR,TE,28.0,40.5,Josh Hill
321,Lee,Smith,2018,OAK,TE,31.0,35.3,Lee Smith
324,Tyler,Eifert,2018,CIN,TE,28.0,38.9,Tyler Eifert
326,Jordan,Akins,2018,HOU,TE,26.0,39.5,Jordan Akins
328,Lance,Kendricks,2018,GNB,TE,30.0,42.0,Lance Kendricks
330,Hayden,Hurst,2018,BAL,TE,25.0,35.3,Hayden Hurst
331,Dan,Arnold,2018,NOR,TE,23.0,33.0,Dan Arnold
333,Nick,Boyle,2018,BAL,TE,25.0,44.3,Nick Boyle
334,Garrett,Celek,2018,SFO,TE,30.0,26.0,Garrett Celek
337,James,O'Shaughnessy,2018,JAX,TE,26.0,45.4,James O'Shaughnessy
338,Maxx,Williams,2018,BAL,TE,24.0,37.1,Maxx Williams
343,Mike,Gesicki,2018,MIA,TE,23.0,40.2,Mike Gesicki
350,Jordan,Leggett,2018,NYJ,TE,23.0,31.4,Jordan Leggett
351,Charles,Clay,2018,BUF,TE,29.0,37.4,Charles Clay
355,MyCole,Pruitt,2018,TEN,TE,26.0,25.2,MyCole Pruitt
362,Nick,O'Leary,2018,MIA,TE,26.0,22.6,Nick O'Leary
363,Logan,Paulsen,2018,ATL,TE,31.0,24.1,Logan Paulsen
364,Austin,Seferian-Jenkins,2018,JAX,TE,26.0,26.0,Austin Seferian-Jenkins
365,Scott,Simonson,2018,NYG,TE,26.0,23.6,Scott Simonson
376,Robert,Tonyan,2018,GNB,TE,24.0,17.7,Robert Tonyan
378,Derek,Carrier,2018,OAK,TE,28.0,19.7,Derek Carrier
379,Seth,Devalve,2018,CLE,TE,25.0,18.4,Seth Devalve
382,Adam,Shaheen,2018,CHI,TE,24.0,15.8,Adam Shaheen
386,Dalton,Schultz,2018,DAL,TE,22.0,23.6,Dalton Schultz
387,A.J.,Derby,2018,MIA,TE,27.0,13.8,A.J. Derby
392,Chris,Manhertz,2018,CAR,TE,26.0,13.2,Chris Manhertz
395,Niles,Paul,2018,JAX,TE,29.0,19.5,Niles Paul
397,Jeremy,Sprinkle,2018,WAS,TE,24.0,15.1,Jeremy Sprinkle
399,Darren,Waller,2018,OAK,TE,26.0,15.6,Darren Waller
402,Jake,Butt,2018,DEN,TE,23.0,16.5,Jake Butt
408,Luke,Willson,2018,DET,TE,28.0,21.7,Luke Willson
411,Tyler,Conklin,2018,MIN,TE,23.0,12.7,Tyler Conklin
412,Matt,Lengel,2018,CIN,TE,28.0,10.7,Matt Lengel
414,Logan,Thomas,2018,BUF,TE,27.0,20.3,Logan Thomas
418,Blake,Bell,2018,JAX,TE,27.0,14.7,Blake Bell
421,Jermaine,Gresham,2018,ARI,TE,30.0,16.4,Jermaine Gresham
422,Xavier,Grimble,2018,PIT,TE,26.0,12.6,Xavier Grimble
424,Joshua,Perkins,2018,PHI,TE,25.0,11.7,Joshua Perkins
425,Eric,Tomlinson,2018,NYJ,TE,26.0,15.2,Eric Tomlinson
427,David,Grinnage,2018,JAX,TE,24.0,12.1,David Grinnage
428,Ryan,Hewitt,2018,IND,TE,27.0,7.1,Ryan Hewitt
433,Antony,Auclair,2018,TAM,TE,25.0,11.8,Antony Auclair
436,Rico,Gathers,2018,DAL,TE,24.0,7.5,Rico Gathers
438,Jacob,Hollister,2018,NWE,TE,25.0,9.2,Jacob Hollister
440,Eric,Saubert,2018,ATL,TE,24.0,9.8,Eric Saubert
441,Durham,Smythe,2018,MIA,TE,23.0,11.0,Durham Smythe
442,Neal,Sterling,2018,NYJ,TE,26.0,10.7,Neal Sterling
445,Delanie,Walker,2018,TEN,TE,34.0,9.2,Delanie Walker
449,Ben,Braunecker,2018,CHI,TE,24.0,7.2,Ben Braunecker
452,Jordan,Franks,2018,CIN,TE,22.0,5.7,Jordan Franks
454,Tyler,Kroft,2018,CIN,TE,26.0,7.6,Tyler Kroft
455,Marcedes,Lewis,2018,GNB,TE,34.0,6.9,Marcedes Lewis
459,David,Morgan,2018,MIN,TE,25.0,8.6,David Morgan
462,John,Phillips,2018,ARI,TE,31.0,6.8,John Phillips
466,Dwayne,Allen,2018,NWE,TE,28.0,5.7,Dwayne Allen
471,Brian,Parker,2018,DEN,TE,26.0,8.3,Brian Parker
478,Orson,Charles,2018,CLE,TE,27.0,5.3,Orson Charles
481,Sean,Culkin,2018,LAC,TE,25.0,3.4,Sean Culkin
495,Tyrone,Swoopes,2018,SEA,TE,24.0,3.3,Tyrone Swoopes
508,Alan,Cross,2018,TAM,TE,25.0,2.9,Alan Cross
510,Ross,Dwelley,2018,SFO,TE,23.0,3.4,Ross Dwelley
511,Matt,Flanagan,2018,WAS,TE,23.0,2.4,Matt Flanagan
521,Khari,Lee,2018,BUF,TE,26.0,1.5,Khari Lee
526,Johnny,Mundt,2018,LAR,TE,24.0,1.5,Johnny Mundt
530,Richard,Rodgers,2018,PHI,TE,26.0,1.7,Richard Rodgers
531,Dion,Sims,2018,CHI,TE,27.0,2.9,Dion Sims
532,Hakeem,Valles,2018,DET,TE,26.0,3.1,Hakeem Valles
7,Travis,Kelce,2019,KAN,TE,30.0,254.3,Travis Kelce
12,Mark,Andrews,2019,BAL,TE,23.0,207.2,Mark Andrews
15,George,Kittle,2019,SFO,TE,26.0,222.5,George Kittle
18,Darren,Waller,2019,OAK,TE,27.0,221.0,Darren Waller
21,Zach,Ertz,2019,PHI,TE,29.0,213.6,Zach Ertz
24,Jared,Cook,2019,NOR,TE,32.0,167.5,Jared Cook
30,Austin,Hooper,2019,ATL,TE,25.0,189.7,Austin Hooper
53,Hunter,Henry,2019,LAC,TE,25.0,148.2,Hunter Henry
56,Tyler,Higbee,2019,LAR,TE,26.0,160.4,Tyler Higbee
61,Dallas,Goedert,2019,PHI,TE,24.0,144.7,Dallas Goedert
63,Mike,Gesicki,2019,MIA,TE,24.0,136.0,Mike Gesicki
76,Jason,Witten,2019,DAL,TE,37.0,137.9,Jason Witten
156,Darren,Fells,2019,HOU,TE,33.0,110.1,Darren Fells
160,Kyle,Rudolph,2019,MIN,TE,30.0,111.7,Kyle Rudolph
167,Greg,Olsen,2019,CAR,TE,34.0,123.7,Greg Olsen
169,Noah,Fant,2019,DEN,TE,22.0,111.0,Noah Fant
171,Jonnu,Smith,2019,TEN,TE,24.0,104.7,Jonnu Smith
172,Jack,Doyle,2019,IND,TE,29.0,111.8,Jack Doyle
179,Evan,Engram,2019,NYG,TE,25.0,109.4,Evan Engram
181,Tyler,Eifert,2019,CIN,TE,29.0,104.6,Tyler Eifert
182,Ryan,Griffin,2019,NYJ,TE,29.0,96.0,Ryan Griffin
185,Jimmy,Graham,2019,GNB,TE,33.0,100.7,Jimmy Graham
196,Eric,Ebron,2019,IND,TE,26.0,86.5,Eric Ebron
199,Cameron,Brate,2019,TAM,TE,28.0,91.1,Cameron Brate
201,Blake,Jarwin,2019,DAL,TE,25.0,85.5,Blake Jarwin
203,Jordan,Akins,2019,HOU,TE,27.0,89.8,Jordan Akins
207,Gerald,Everett,2019,LAR,TE,25.0,89.8,Gerald Everett
208,Jacob,Hollister,2019,SEA,TE,26.0,93.9,Jacob Hollister
212,Dawson,Knox,2019,BUF,TE,23.0,79.7,Dawson Knox
214,Will,Dissly,2019,SEA,TE,23.0,73.9,Will Dissly
218,O.J.,Howard,2019,TAM,TE,25.0,83.9,O.J. Howard
221,T.J.,Hockenson,2019,DET,TE,22.0,80.7,T.J. Hockenson
226,Hayden,Hurst,2019,BAL,TE,26.0,76.9,Hayden Hurst
227,Foster,Moreau,2019,OAK,TE,22.0,68.4,Foster Moreau
230,Vance,McDonald,2019,PIT,TE,29.0,83.5,Vance McDonald
233,Ricky,Seals-Jones,2019,CLE,TE,24.0,58.9,Ricky Seals-Jones
234,Kaden,Smith,2019,NYG,TE,22.0,75.8,Kaden Smith
235,Nick,Boyle,2019,BAL,TE,26.0,75.1,Nick Boyle
238,Irv,Smith,2019,MIN,TE,21.0,79.1,Irv Smith Jr.
245,Josh,Hill,2019,NOR,TE,29.0,65.6,Josh Hill
264,C.J.,Uzomah,2019,CIN,TE,26.0,63.2,C.J. Uzomah
265,Demetrius,Harris,2019,CLE,TE,28.0,47.9,Demetrius Harris
268,Delanie,Walker,2019,TEN,TE,35.0,54.5,Delanie Walker
279,Charles,Clay,2019,ARI,TE,30.0,47.7,Charles Clay
282,Jeremy,Sprinkle,2019,WAS,TE,25.0,56.1,Jeremy Sprinkle
290,James,O'Shaughnessy,2019,JAX,TE,27.0,41.3,James O'Shaughnessy
293,Anthony,Firkser,2019,TEN,TE,24.0,40.4,Anthony Firkser
301,Maxx,Williams,2019,ARI,TE,25.0,41.2,Maxx Williams
302,Dan,Arnold,2019,2TM,TE,24.0,32.7,Dan Arnold
315,Rhett,Ellison,2019,NYG,TE,31.0,40.7,Rhett Ellison
319,Logan,Thomas,2019,DET,TE,28.0,39.3,Logan Thomas
323,Marcedes,Lewis,2019,GNB,TE,35.0,36.6,Marcedes Lewis
325,Ross,Dwelley,2019,SFO,TE,24.0,36.1,Ross Dwelley
326,Jaeden,Graham,2019,ATL,TE,24.0,29.9,Jaeden Graham
331,Derek,Carrier,2019,OAK,TE,29.0,32.5,Derek Carrier
335,Ian,Thomas,2019,CAR,TE,23.0,35.6,Ian Thomas
336,Matt,LaCosse,2019,NWE,TE,27.0,32.1,Matt LaCosse
339,Vernon,Davis,2019,WAS,TE,35.0,28.3,Vernon Davis
343,Jeff,Heuerman,2019,DEN,TE,27.0,31.4,Jeff Heuerman
345,Ryan,Izzo,2019,NWE,TE,24.0,23.4,Ryan Izzo
348,Nick,O'Leary,2019,2TM,TE,27.0,29.9,Nick O'Leary
350,Nick,Vannett,2019,2TM,TE,26.0,33.6,Nick Vannett
351,Ben,Watson,2019,NWE,TE,39.0,34.3,Ben Watson
355,Hale,Hentges,2019,WAS,TE,23.0,24.3,Hale Hentges
356,Robert,Tonyan,2019,GNB,TE,25.0,26.0,Robert Tonyan
357,Joshua,Perkins,2019,PHI,TE,26.0,23.7,Joshua Perkins
358,MyCole,Pruitt,2019,TEN,TE,27.0,21.0,MyCole Pruitt
361,Seth,Devalve,2019,JAX,TE,26.0,26.0,Seth Devalve
363,Virgil,Green,2019,LAC,TE,31.0,22.8,Virgil Green
365,Jesse,James,2019,DET,TE,25.0,30.2,Jesse James
366,Daniel,Brown,2019,NYJ,TE,27.0,20.2,Daniel Brown
370,Jesper,Horsted,2019,CHI,TE,22.0,20.7,Jesper Horsted
371,Tyler,Kroft,2019,BUF,TE,27.0,19.1,Tyler Kroft
374,Ben,Braunecker,2019,CHI,TE,25.0,17.9,Ben Braunecker
380,Stephen,Carlson,2019,CLE,TE,23.0,16.1,Stephen Carlson
382,Tommy,Sweeney,2019,BUF,TE,24.0,19.4,Tommy Sweeney
386,Troy,Fumagalli,2019,DEN,TE,24.0,15.8,Troy Fumagalli
391,David,Njoku,2019,CLE,TE,23.0,15.1,David Njoku
394,Mo,Alie-Cox,2019,IND,TE,26.0,17.3,Mo Alie-Cox
400,J.P.,Holtz,2019,2TM,TE,26.0,16.1,J.P. Holtz
403,Lee,Smith,2019,BUF,TE,32.0,13.1,Lee Smith
407,Trey,Burton,2019,CHI,TE,28.0,22.4,Trey Burton
411,Luke,Willson,2019,SEA,TE,29.0,15.9,Luke Willson
413,Blake,Bell,2019,KAN,TE,28.0,14.7,Blake Bell
420,Adam,Shaheen,2019,CHI,TE,25.0,14.4,Adam Shaheen
421,Durham,Smythe,2019,MIA,TE,24.0,13.5,Durham Smythe
422,Geoff,Swaim,2019,JAX,TE,26.0,19.5,Geoff Swaim
426,Tyler,Conklin,2019,MIN,TE,24.0,13.8,Tyler Conklin
433,Clive,Walford,2019,MIA,TE,28.0,10.1,Clive Walford
441,Lance,Kendricks,2019,LAC,TE,31.0,8.0,Lance Kendricks
444,Luke,Stocker,2019,ATL,TE,31.0,13.3,Luke Stocker
445,Trevon,Wesco,2019,NYJ,TE,24.0,6.9,Trevon Wesco
448,Deon,Yelder,2019,KAN,TE,24.0,8.0,Deon Yelder
459,Pharaoh,Brown,2019,CLE,TE,25.0,4.7,Pharaoh Brown
464,Tanner,Hudson,2019,TAM,TE,25.0,4.6,Tanner Hudson
468,Johnny,Mundt,2019,LAR,TE,25.0,6.6,Johnny Mundt
470,Drew,Sample,2019,CIN,TE,23.0,8.0,Drew Sample
476,Ross,Travis,2019,IND,TE,26.0,7.1,Ross Travis
491,Josh,Oliver,2019,JAX,TE,22.0,4.5,Josh Oliver
493,Eric,Saubert,2019,CHI,TE,25.0,4.1,Eric Saubert
499,Antony,Auclair,2019,TAM,TE,26.0,2.1,Antony Auclair
502,Sean,Culkin,2019,LAC,TE,26.0,2.2,Sean Culkin
510,Chris,Herndon,2019,NYJ,TE,23.0,1.7,Chris Herndon
514,Charles,Jones,2019,JAX,TE,23.0,1.5,Charles Jones
516,Ben,Koyack,2019,JAX,TE,26.0,1.9,Ben Koyack
517,Chris,Manhertz,2019,CAR,TE,27.0,2.1,Chris Manhertz
520,Isaac,Nauta,2019,DET,TE,22.0,3.3,Isaac Nauta
524,Dalton,Schultz,2019,DAL,TE,23.0,1.6,Dalton Schultz
526,Scott,Simonson,2019,NYG,TE,27.0,3.1,Scott Simonson
528,Tyrone,Swoopes,2019,SEA,TE,25.0,1.5,Tyrone Swoopes
530,Jordan,Thomas,2019,HOU,TE,23.0,1.8,Jordan Thomas
532,Levine,Toilolo,2019,SFO,TE,28.0,3.0,Levine Toilolo
548,Darrell,Daniels,2019,ARI,TE,25.0,1.4,Darrell Daniels
561,Zach,Gentry,2019,PIT,TE,23.0,1.4,Zach Gentry
566,Xavier,Grimble,2019,PIT,TE,27.0,1.3,Xavier Grimble
602,Eric,Tomlinson,2019,3TM,TE,27.0,1.1,Eric Tomlinson
3,Travis,Kelce,2020,KAN,TE,31.0,313.0,Travis Kelce
13,Darren,Waller,2020,LVR,TE,28.0,279.0,Darren Waller
38,Robert,Tonyan,2020,GNB,TE,26.0,177.0,Robert Tonyan
46,Mark,Andrews,2020,BAL,TE,25.0,170.0,Mark Andrews
52,T.J.,Hockenson,2020,DET,TE,23.0,175.0,T.J. Hockenson
56,Mike,Gesicki,2020,MIA,TE,25.0,159.0,Mike Gesicki
57,Logan,Thomas,2020,WAS,TE,29.0,177.0,Logan Thomas
58,Rob,Gronkowski,2020,TAM,TE,31.0,149.0,Rob Gronkowski
66,Jonnu,Smith,2020,TEN,TE,25.0,140.0,Jonnu Smith
70,Jimmy,Graham,2020,CHI,TE,34.0,144.0,Jimmy Graham
72,Hayden,Hurst,2020,ATL,TE,27.0,149.0,Hayden Hurst
147,Jared,Cook,2020,NOR,TE,33.0,127.0,Jared Cook
149,Noah,Fant,2020,DEN,TE,23.0,149.0,Noah Fant
152,Eric,Ebron,2020,PIT,TE,27.0,142.0,Eric Ebron
154,Hunter,Henry,2020,LAC,TE,26.0,145.0,Hunter Henry
156,Tyler,Higbee,2020,LAR,TE,27.0,128.0,Tyler Higbee
161,Dalton,Schultz,2020,DAL,TE,24.0,147.0,Dalton Schultz
166,Evan,Engram,2020,NYG,TE,26.0,141.0,Evan Engram
168,George,Kittle,2020,SFO,TE,27.0,125.0,George Kittle
176,Dallas,Goedert,2020,PHI,TE,25.0,116.0,Dallas Goedert
184,Irv,Smith,2020,MIN,TE,22.0,99.0,Irv Smith Jr.
189,Austin,Hooper,2020,CLE,TE,26.0,114.0,Austin Hooper
192,Dan,Arnold,2020,ARI,TE,25.0,97.0,Dan Arnold
220,Trey,Burton,2020,IND,TE,29.0,83.0,Trey Burton
221,Darren,Fells,2020,HOU,TE,34.0,76.0,Darren Fells
228,Gerald,Everett,2020,LAR,TE,26.0,93.0,Gerald Everett
235,Mo,Alie-Cox,2020,IND,TE,27.0,80.0,Mo Alie-Cox
239,Jordan,Akins,2020,HOU,TE,28.0,84.0,Jordan Akins
241,Tyler,Eifert,2020,JAX,TE,30.0,83.0,Tyler Eifert
245,Jordan,Reed,2020,SFO,TE,30.0,73.0,Jordan Reed
246,Richard,Rodgers,2020,PHI,TE,28.0,71.0,Richard Rodgers
250,Anthony,Firkser,2020,TEN,TE,25.0,84.0,Anthony Firkser
253,Chris,Herndon,2020,NYJ,TE,24.0,74.0,Chris Herndon
254,Dawson,Knox,2020,BUF,TE,24.0,67.0,Dawson Knox
255,Zach,Ertz,2020,PHI,TE,30.0,78.0,Zach Ertz
258,Jack,Doyle,2020,IND,TE,30.0,64.0,Jack Doyle
260,Jacob,Hollister,2020,SEA,TE,27.0,66.0,Jacob Hollister
263,Cameron,Brate,2020,TAM,TE,29.0,68.0,Cameron Brate
267,Drew,Sample,2020,CIN,TE,24.0,79.0,Drew Sample
268,Harrison,Bryant,2020,CLE,TE,22.0,62.0,Harrison Bryant
273,Will,Dissly,2020,SEA,TE,24.0,61.0,Will Dissly
274,Kyle,Rudolph,2020,MIN,TE,31.0,65.0,Kyle Rudolph
280,Cole,Kmet,2020,CHI,TE,21.0,62.0,Cole Kmet
281,Donald,Parham,2020,LAC,TE,23.0,44.0,Donald Parham
284,David,Njoku,2020,CLE,TE,24.0,52.0,David Njoku
285,Adam,Shaheen,2020,MIA,TE,26.0,45.0,Adam Shaheen
286,Durham,Smythe,2020,MIA,TE,25.0,59.0,Durham Smythe
291,Ross,Dwelley,2020,SFO,TE,25.0,50.0,Ross Dwelley
297,Tyler,Kroft,2020,BUF,TE,28.0,42.0,Tyler Kroft
298,Greg,Olsen,2020,SEA,TE,35.0,54.0,Greg Olsen
302,Marcedes,Lewis,2020,GNB,TE,36.0,39.0,Marcedes Lewis
303,Pharaoh,Brown,2020,HOU,TE,26.0,42.0,Pharaoh Brown
312,O.J.,Howard,2020,TAM,TE,26.0,38.0,O.J. Howard
317,Foster,Moreau,2020,LVR,TE,23.0,33.0,Foster Moreau
318,James,O'Shaughnessy,2020,JAX,TE,28.0,54.0,James O'Shaughnessy
320,Tyler,Conklin,2020,MIN,TE,25.0,44.0,Tyler Conklin
323,Jesse,James,2020,DET,TE,26.0,39.0,Jesse James
327,Nick,Boyle,2020,BAL,TE,27.0,37.0,Nick Boyle
329,MyCole,Pruitt,2020,TEN,TE,28.0,28.0,MyCole Pruitt
331,Adam,Trautman,2020,NOR,TE,23.0,38.0,Adam Trautman
338,Ian,Thomas,2020,CAR,TE,24.0,41.0,Ian Thomas
345,Jason,Witten,2020,LVR,TE,38.0,32.0,Jason Witten
350,Ryan,Izzo,2020,NWE,TE,25.0,31.0,Ryan Izzo
354,Albert,Okwuegbunam,2020,DEN,TE,22.0,29.0,Albert Okwuegbunam
366,Jace,Sternberger,2020,GNB,TE,24.0,29.0,Jace Sternberger
377,Nick,Vannett,2020,DEN,TE,27.0,30.0,Nick Vannett
378,Maxx,Williams,2020,ARI,TE,26.0,24.0,Maxx Williams
380,Darrell,Daniels,2020,ARI,TE,26.0,23.0,Darrell Daniels
386,C.J.,Uzomah,2020,CIN,TE,27.0,23.0,C.J. Uzomah
390,Troy,Fumagalli,2020,DEN,TE,25.0,22.0,Troy Fumagalli
409,Stephen,Anderson,2020,LAC,TE,27.0,19.0,Stephen Anderson
410,Blake,Bell,2020,DAL,TE,29.0,22.0,Blake Bell
412,Virgil,Green,2020,LAC,TE,32.0,14.0,Virgil Green
413,Josh,Hill,2020,NOR,TE,30.0,19.0,Josh Hill
416,Kaden,Smith,2020,NYG,TE,23.0,29.0,Kaden Smith
420,Devin,Asiasi,2020,NWE,TE,23.0,12.0,Devin Asiasi
423,Vance,McDonald,2020,PIT,TE,30.0,25.0,Vance McDonald
430,Dominique,Dafney,2020,GNB,TE,23.0,11.0,Dominique Dafney
431,Ryan,Griffin,2020,NYJ,TE,30.0,18.0,Ryan Griffin
440,Reggie,Gilliam,2020,BUF,TE,23.0,10.0,Reggie Gilliam
453,Colin,Thompson,2020,CAR,TE,27.0,8.0,Colin Thompson
457,Jason,Croom,2020,PHI,TE,26.0,7.0,Jason Croom
464,Luke,Stocker,2020,ATL,TE,32.0,13.0,Luke Stocker
465,Jordan,Thomas,2020,2TM,TE,24.0,7.0,Jordan Thomas
468,Cethan,Carter,2020,CIN,TE,25.0,10.0,Cethan Carter
469,Demetrius,Harris,2020,CHI,TE,29.0,12.0,Demetrius Harris
472,Chris,Manhertz,2020,CAR,TE,28.0,11.0,Chris Manhertz
473,Johnny,Mundt,2020,LAR,TE,26.0,9.0,Johnny Mundt
475,Levine,Toilolo,2020,NYG,TE,29.0,10.0,Levine Toilolo
479,Hunter,Bryant,2020,DET,TE,22.0,5.0,Hunter Bryant
485,Tanner,Hudson,2020,TAM,TE,26.0,7.0,Tanner Hudson
487,Nick,Keizer,2020,KAN,TE,25.0,10.0,Nick Keizer
491,Kahale,Warring,2020,HOU,TE,23.0,7.0,Kahale Warring
492,Charlie,Woerner,2020,SFO,TE,23.0,7.0,Charlie Woerner
493,Deon,Yelder,2020,KAN,TE,25.0,11.0,Deon Yelder
496,Stephen,Carlson,2020,CLE,TE,24.0,4.0,Stephen Carlson
497,Ben,Ellefson,2020,JAX,TE,24.0,4.0,Ben Ellefson
499,Jaeden,Graham,2020,ATL,TE,25.0,6.0,Jaeden Graham
520,Dalton,Keene,2020,NWE,TE,21.0,5.0,Dalton Keene
523,Colby,Parkinson,2020,SEA,TE,21.0,4.0,Colby Parkinson
527,Eric,Saubert,2020,JAX,TE,26.0,5.0,Eric Saubert
534,Jake,Butt,2020,DEN,TE,25.0,3.0,Jake Butt
535,Derek,Carrier,2020,LVR,TE,30.0,2.0,Derek Carrier
537,Josiah,Deguara,2020,GNB,TE,23.0,2.0,Josiah Deguara
539,Brandon,Dillon,2020,MIN,TE,23.0,2.0,Brandon Dillon
543,Temarrick,Hemingway,2020,WAS,TE,27.0,2.0,Temarrick Hemingway
546,Blake,Jarwin,2020,DAL,TE,26.0,2.0,Blake Jarwin
550,John,Lovett,2020,GNB,TE,24.0,1.0,John Lovett
558,Jeremy,Sprinkle,2020,WAS,TE,26.0,2.0,Jeremy Sprinkle
559,Trevon,Wesco,2020,NYJ,TE,25.0,2.0,Trevon Wesco
562,Luke,Willson,2020,2TM,TE,30.0,2.0,Luke Willson
568,Marcus,Baugh,2020,WAS,TE,26.0,,Marcus Baugh
597,Isaac,Nauta,2020,DET,TE,23.0,,Isaac Nauta
7,Mark,Andrews,2021,BAL,TE,26.0,301.0,Mark Andrews
14,Travis,Kelce,2021,KAN,TE,32.0,263.0,Travis Kelce
34,Dalton,Schultz,2021,DAL,TE,25.0,209.0,Dalton Schultz
36,George,Kittle,2021,SFO,TE,28.0,198.0,George Kittle
47,Rob,Gronkowski,2021,TAM,TE,32.0,171.0,Rob Gronkowski
49,Dawson,Knox,2021,BUF,TE,25.0,164.0,Dawson Knox
52,Hunter,Henry,2021,NWE,TE,27.0,164.0,Hunter Henry
56,Dallas,Goedert,2021,PHI,TE,26.0,165.0,Dallas Goedert
58,Kyle,Pitts,2021,ATL,TE,21.0,177.0,Kyle Pitts
61,Zach,Ertz,2021,2TM,TE,31.0,181.0,Zach Ertz
73,Mike,Gesicki,2021,MIA,TE,26.0,165.0,Mike Gesicki
134,Pat,Freiermuth,2021,PIT,TE,23.0,152.0,Pat Freiermuth
138,Noah,Fant,2021,DEN,TE,24.0,159.0,Noah Fant
146,Tyler,Higbee,2021,LAR,TE,28.0,147.0,Tyler Higbee
154,Jared,Cook,2021,LAC,TE,34.0,132.0,Jared Cook
156,T.J.,Hockenson,2021,DET,TE,24.0,145.0,T.J. Hockenson
168,C.J.,Uzomah,2021,CIN,TE,28.0,128.0,C.J. Uzomah
169,Darren,Waller,2021,LVR,TE,29.0,134.0,Darren Waller
171,Tyler,Conklin,2021,MIN,TE,26.0,138.0,Tyler Conklin
180,David,Njoku,2021,CLE,TE,25.0,108.0,David Njoku
182,Gerald,Everett,2021,SEA,TE,27.0,118.0,Gerald Everett
196,Cole,Kmet,2021,CHI,TE,22.0,121.0,Cole Kmet
206,Evan,Engram,2021,NYG,TE,27.0,103.0,Evan Engram
209,Mo,Alie-Cox,2021,IND,TE,28.0,80.0,Mo Alie-Cox
213,Austin,Hooper,2021,CLE,TE,27.0,93.0,Austin Hooper
216,Foster,Moreau,2021,LVR,TE,24.0,85.0,Foster Moreau
227,Jack,Doyle,2021,IND,TE,31.0,79.0,Jack Doyle
229,Cameron,Brate,2021,TAM,TE,30.0,79.0,Cameron Brate
242,Anthony,Firkser,2021,TEN,TE,26.0,79.0,Anthony Firkser
250,Albert,Okwuegbunam,2021,DEN,TE,23.0,76.0,Albert Okwuegbunam
257,Dan,Arnold,2021,2TM,TE,26.0,76.0,Dan Arnold
258,Harrison,Bryant,2021,CLE,TE,23.0,62.0,Harrison Bryant
263,Juwan,Johnson,2021,NOR,TE,25.0,53.0,Juwan Johnson
268,Donald,Parham,2021,LAC,TE,24.0,59.0,Donald Parham
269,Ricky,Seals-Jones,2021,WAS,TE,26.0,69.0,Ricky Seals-Jones
270,Jonnu,Smith,2021,NWE,TE,26.0,67.0,Jonnu Smith
271,Geoff,Swaim,2021,TEN,TE,28.0,70.0,Geoff Swaim
273,Ryan,Griffin,2021,NYJ,TE,31.0,65.0,Ryan Griffin
275,Hayden,Hurst,2021,ATL,TE,28.0,64.0,Hayden Hurst
276,Josiah,Deguara,2021,GNB,TE,24.0,62.0,Josiah Deguara
278,Jimmy,Graham,2021,CHI,TE,35.0,51.0,Jimmy Graham
284,Brevin,Jordan,2021,HOU,TE,21.0,56.0,Brevin Jordan
285,Durham,Smythe,2021,MIA,TE,26.0,70.0,Durham Smythe
286,Logan,Thomas,2021,WAS,TE,30.0,54.0,Logan Thomas
287,Adam,Trautman,2021,NOR,TE,24.0,63.0,Adam Trautman
291,MyCole,Pruitt,2021,TEN,TE,29.0,49.0,MyCole Pruitt
297,Kyle,Rudolph,2021,NYG,TE,32.0,60.0,Kyle Rudolph
302,Tommy,Tremble,2021,CAR,TE,21.0,53.0,Tommy Tremble
306,Robert,Tonyan,2021,GNB,TE,27.0,50.0,Robert Tonyan
307,John,Bates,2021,WAS,TE,24.0,51.0,John Bates
311,Will,Dissly,2021,SEA,TE,25.0,50.0,Will Dissly
323,James,O'Shaughnessy,2021,JAX,TE,29.0,50.0,James O'Shaughnessy
326,Maxx,Williams,2021,ARI,TE,27.0,41.0,Maxx Williams
332,Brock,Wright,2021,DET,TE,23.0,36.0,Brock Wright
333,Stephen,Anderson,2021,LAC,TE,28.0,39.0,Stephen Anderson
335,Tyler,Kroft,2021,NYJ,TE,29.0,39.0,Tyler Kroft
343,Blake,Jarwin,2021,DAL,TE,27.0,33.0,Blake Jarwin
346,Eric,Ebron,2021,PIT,TE,28.0,33.0,Eric Ebron
347,Marcedes,Lewis,2021,GNB,TE,37.0,44.0,Marcedes Lewis
350,O.J.,Howard,2021,TAM,TE,27.0,34.0,O.J. Howard
355,Ian,Thomas,2021,CAR,TE,25.0,37.0,Ian Thomas
356,Nick,Vannett,2021,NOR,TE,28.0,28.0,Nick Vannett
358,Jordan,Akins,2021,HOU,TE,29.0,42.0,Jordan Akins
365,Joe,Fortson,2021,KAN,TE,26.0,22.0,Joe Fortson
366,Zach,Gentry,2021,PIT,TE,25.0,36.0,Zach Gentry
377,Pharaoh,Brown,2021,HOU,TE,27.0,38.0,Pharaoh Brown
386,Jesper,Horsted,2021,CHI,TE,24.0,16.0,Jesper Horsted
391,Chris,Manhertz,2021,JAX,TE,29.0,19.0,Chris Manhertz
396,Lee,Smith,2021,ATL,TE,34.0,22.0,Lee Smith
399,Jacob,Hollister,2021,JAX,TE,28.0,21.0,Jacob Hollister
401,Jesse,James,2021,CHI,TE,27.0,19.0,Jesse James
404,Antony,Auclair,2021,HOU,TE,28.0,16.0,Antony Auclair
406,Ross,Dwelley,2021,SFO,TE,26.0,15.0,Ross Dwelley
409,Kylen,Granson,2021,IND,TE,23.0,22.0,Kylen Granson
413,Eric,Saubert,2021,DEN,TE,27.0,19.0,Eric Saubert
414,Adam,Shaheen,2021,MIA,TE,27.0,23.0,Adam Shaheen
419,Blake,Bell,2021,KAN,TE,30.0,19.0,Blake Bell
422,Noah,Gray,2021,KAN,TE,22.0,17.0,Noah Gray
423,Chris,Herndon,2021,MIN,TE,25.0,14.0,Chris Herndon
427,Tommy,Sweeney,2021,BUF,TE,26.0,19.0,Tommy Sweeney
434,Sean,McKeon,2021,DAL,TE,24.0,13.0,Sean McKeon
440,Tyree,Jackson,2021,PHI,TE,24.0,11.0,Tyree Jackson
441,Chris,Myarick,2021,NYG,TE,26.0,11.0,Chris Myarick
443,Drew,Sample,2021,CIN,TE,25.0,19.0,Drew Sample
447,Josh,Oliver,2021,BAL,TE,24.0,16.0,Josh Oliver
456,Luke,Farrell,2021,JAX,TE,24.0,13.0,Luke Farrell
467,Tre',McKitty,2021,LAC,TE,22.0,11.0,Tre' McKitty
471,Charlie,Woerner,2021,SFO,TE,24.0,10.0,Charlie Woerner
474,Kendall,Blanton,2021,LAR,TE,26.0,8.0,Kendall Blanton
476,Tyler,Davis,2021,GNB,TE,24.0,8.0,Tyler Davis
478,Darren,Fells,2021,2TM,TE,35.0,8.0,Darren Fells
479,Garrett,Griffin,2021,NOR,TE,27.0,8.0,Garrett Griffin
480,Parker,Hesse,2021,ATL,TE,26.0,9.0,Parker Hesse
487,Trevon,Wesco,2021,NYJ,TE,26.0,7.0,Trevon Wesco
490,Kenny,Yeboah,2021,NYJ,TE,23.0,6.0,Kenny Yeboah
493,Dominique,Dafney,2021,GNB,TE,24.0,5.0,Dominique Dafney
499,Tommy,Hudson,2021,TEN,TE,24.0,6.0,Tommy Hudson
503,Colby,Parkinson,2021,SEA,TE,22.0,8.0,Colby Parkinson
505,Kaden,Smith,2021,NYG,TE,24.0,6.0,Kaden Smith
506,Jeremy,Sprinkle,2021,DAL,TE,27.0,6.0,Jeremy Sprinkle
511,Shane,Zylstra,2021,DET,TE,25.0,6.0,Shane Zylstra
516,Cethan,Carter,2021,MIA,TE,26.0,4.0,Cethan Carter
531,Jack,Stoll,2021,PHI,TE,23.0,6.0,Jack Stoll
535,Mitchell,Wilcox,2021,CIN,TE,25.0,5.0,Mitchell Wilcox
541,Derek,Carrier,2021,LVR,TE,31.0,3.0,Derek Carrier
549,Demetrius,Harris,2021,ARI,TE,30.0,4.0,Demetrius Harris
550,Brycen,Hopkins,2021,LAR,TE,24.0,2.0,Brycen Hopkins
555,Hunter,Long,2021,MIA,TE,23.0,2.0,Hunter Long
560,Johnny,Mundt,2021,LAR,TE,27.0,2.0,Johnny Mundt
563,Kevin,Rader,2021,PIT,TE,26.0,3.0,Kevin Rader
564,Richard,Rodgers,2021,PHI,TE,29.0,3.0,Richard Rodgers
567,Luke,Stocker,2021,MIN,TE,33.0,3.0,Luke Stocker
568,Eric,Tomlinson,2021,BAL,TE,29.0,2.0,Eric Tomlinson
571,Ethan,Wolf,2021,NOR,TE,26.0,3.0,Ethan Wolf
585,Nick,Boyle,2021,BAL,TE,28.0,,Nick Boyle
598,Darrell,Daniels,2021,ARI,TE,27.0,,Darrell Daniels
614,Daniel,Helm,2021,LVR,TE,26.0,,Daniel Helm
659,Deon,Yelder,2021,TAM,TE,26.0,,Deon Yelder
